URL,Best Keyword,Keyword Volume,Keyword Difficulty
https://blog.fodzyme.com/science/,fodzyme ingredients,100,0
https://care.fodzyme.com/en-US/can-fodzyme-help-with-eggs-516984,eggs fodmap,150,5
https://blog.fodzyme.com/tools-for-successful-fodmap-re-challenges-with-fodzyme/,fodmap challenge,10,1
https://blog.fodzyme.com/gi-consortium-a-new-partnership-to-support-those-with-digestive-conditions/,modify health low fodmap,0,1
https://care.fodzyme.com/en-US/can-i-use-fodzyme-while-pregnant-or-breastfeeding-330106,can you take digestive enzymes while pregnant,150,7
https://care.fodzyme.com/en-US/can-hsafsa-funds-be-used-towards-fodzyme-330056,truemed hsa,700,0
https://blog.fodzyme.com/thriving-with-ibs/,wendy riehl,20,0
https://blog.fodzyme.com/fodzyme-for-fodmap-everyday-read-the-story/,fodmap everyday,300,3
https://care.fodzyme.com/en-US/how-do-i-eat-small-crunchy-snacks-pita-chips-cashews-blueberries-330092,crunchy foods,900,5
https://blog.fodzyme.com/anjie-liu-forbes-30-under-30/,forbes 30 under 30 boston,60,5
https://blog.fodzyme.com/fodzyme-r-to-present-at-the-digestive-disease-week-ddw/,ddw conference,80,16
https://blog.fodzyme.com/for-partners/,fodzyme discount code,20,0
https://shop.fodzyme.com/a/account/login,fodzyme vs fodmate,40,3
https://blog.fodzyme.com/how-to-use-hsa-fsa-to-purchase-fodzyme/,can you use fsa for groceries,30,11
https://care.fodzyme.com/en-US/is-fodzyme-gluten-free-330051,reintroduce gluten,30,2
https://blog.fodzyme.com/navigating-date-nights-when-youre-avoiding-fodmaps-with-ibs/,dates fodmap,350,1
https://blog.fodzyme.com/fagopyritols-and-the-sensitive-gut/,is buckwheat low fodmap,300,0
https://blog.fodzyme.com/digestive-enzymes-for-fodmaps/,digestive enzymes for ibs,350,19
https://shop.fodzyme.com/blogs/resources/how-to-smoothly-digest-broccoli-and-garlic-powder-with-fodzyme,broccoli low fodmap,450,0
https://care.fodzyme.com/en-US/how-would-fodzyme-be-used-if-a-patient-also-has-small-intestinal-bacteria-overgrowth-sibo-330035,sibo and fermented foods,20,4
https://blog.fodzyme.com/enzyme-supplements-why-powder-form-is-more-effective/,enzymes powder,70,1
https://blog.fodzyme.com/how-enzymes-work-on-fodmaps/,inulinase supplement,20,0
https://care.fodzyme.com/en-US/articles/healthcare-providers-94747,digestive enzymes for sibo,100,1
https://blog.fodzyme.com/getting-the-best-results-with-fodzyme/,does fodzyme work,90,0
https://blog.fodzyme.com/low-fodmap-pancake-recipe/,low fodmap pancakes,250,1
https://blog.fodzyme.com/post-infectious-ibs-causes/,post infectious ibs,1400,10
https://blog.fodzyme.com/can-athletes-benefit-by-lowering-the-fodmap-content-of-their-diet/,athletes with ibs,40,2
https://blog.fodzyme.com/how-to-smoothly-digest-broccoli-garlic-and-more-2/,is broccoli hard to digest,250,21
https://blog.fodzyme.com/what-to-know-about-postbiotics-and-fodmaps/,postbiotics,3300,33
https://fodzyme.com/,fodzyme,3100,1
https://blog.fodzyme.com/expanding-dietary-choices/,low fodmap anti inflammatory foods,10,0
https://care.fodzyme.com/en-US/what-ingredients-does-fodzyme-use-what-types-of-ingredients-330117,fodzyme ingredients,100,0
https://blog.fodzyme.com/tag/learn/,best fodmap digestive enzymes,30,12
https://care.fodzyme.com/en-US/ssp/login,folloze login,10,1
https://care.fodzyme.com/en-US/top-troubleshooting-tips-330064,what should you do if you find fod,30,7
https://blog.fodzyme.com/unraveling-bowel-irregularity-tamara-duker-freuman/,redundant colon diet,300,3
https://blog.fodzyme.com/take-control-of-your-ibs/,kirsten jackson,40,2
https://care.fodzyme.com/en-US/contact-us-via-email-phone-or-text-330090,via email or phone,10,0
https://care.fodzyme.com/en-US/do-you-ship-internationally-330099,fodzyme where to buy,20,0
https://blog.fodzyme.com/testimonials/,jessica lebovits,0,0
https://blog.fodzyme.com/challenges-we-face-on-a-low-fodmap-diet/,kiwi fodmap diet,10,0
https://care.fodzyme.com/en-US/do-you-provide-free-samples-of-fodzyme-330031,free samples for dietitians,40,1
https://blog.fodzyme.com/fast-casual-dining-with-fodzyme-r/,fodmap fast food,150,3
https://care.fodzyme.com/en-US/ceu-webinars-for-clinicians-349566,free dietitian ceu,200,10
https://blog.fodzyme.com/,fodzyme reviews,1500,0
https://care.fodzyme.com/en-US/articles/product-info-94741,dextrose fodmap,300,0
https://blog.fodzyme.com/giving-up-garlic-the-impact-on-your-health/,why is garlic high fodmap,30,4
https://care.fodzyme.com/en-US/what-foods-does-fodzyme-work-on-330078,fodzyme,3100,1
https://care.fodzyme.com/en-US/can-fodzyme-be-used-for-small-intestinal-bacterial-overgrowth-(sibo)-503255,fodzyme reviews,1500,0
https://blog.fodzyme.com/fodmap-vs-gluten/,low fodmap sources of fiber,50,0
https://blog.fodzyme.com/why-ibs-affects-women-more/,are women's intestines longer than men's,30,4
https://blog.fodzyme.com/how-to-use-the-monash-app-with-fodzyme/,are cashews low fodmap,700,0
https://care.fodzyme.com/en-US/is-fodzyme-safe-for-those-who-have-gallbladder-conditions-or-have-had-a-gallbladder-removal-can-fodzyme-help-digestive-distress-following-gallbladder-removal-330028,ibs after gallbladder removal,350,14
https://blog.fodzyme.com/working-with-a-registered-dietitian/,is ensure low fodmap,70,0
https://blog.fodzyme.com/fodzyme-is-monash-university-low-fodmap-certified/,maltodextrin fodmap monash,20,0
https://care.fodzyme.com/en-US/can-i-pre-treat-high-fodmap-foods-with-fodzyme-535179,is hummus high fodmap,60,1
https://blog.fodzyme.com/patient-handouts-resources/,ibs cheat sheet,10,0
https://blog.fodzyme.com/fodzyme-partners-with-fodmarket/,low fodmap products uk,20,2
https://blog.fodzyme.com/recipes-to-try-with-fodzyme/,pickled beets fodmap,20,0
https://care.fodzyme.com/en-US/what-is-enzyme-activity-and-how-is-it-measured-what-is-the-relationship-between-enzyme-activity-and-fodmap-breakdown-330032,enzyme activity units,40,5
https://blog.fodzyme.com/contraindications-for-the-low-fodmap-diet/,fodzyme side effects,200,0
https://blog.fodzyme.com/giving-up-garlic-the-impact-on-your-health-2/,can covid cause ibs,100,7
https://care.fodzyme.com/en-US/does-fodzyme-have-side-effects-330107,fodzyme side effects,200,0
https://shop.fodzyme.com/blogs/news/fodmap-vs-gluten,fodmap vs gluten free,10,2
https://shop.fodzyme.com/blogs/news/fodzyme-certified-by-monash,is dextrin low fodmap,20,0
https://care.fodzyme.com/en-US/are-there-any-concerns-about-adverse-interactions-with-other-supplements-or-medications-542636,beano drug interactions,20,4
https://care.fodzyme.com/en-US/what-fodmaps-are-tackled-with-fodzyme-330105,mango fodmaps,30,0
https://blog.fodzyme.com/posters-people-and-poop-or-how-fodzyme-r-shined-at-ddw-2022/,poop poster,90,0
https://blog.fodzyme.com/how-to-get-maximum-nutrients-and-beat-the-workout-bloat/,is whey low fodmap,80,0
https://shop.fodzyme.com/products/fodzyme,fodzyme,3100,1
https://care.fodzyme.com/en-US/what-foods-can-fodzyme-r-not-help-with-330057,mannitol foods,150,2
https://care.fodzyme.com/en-US/is-fodzyme-safe-how-do-you-test-for-quality-and-safety-has-it-been-approved-by-the-fda-330103,is fodzyme safe,20,0
https://blog.fodzyme.com/kiwi-biociences-finalist-in-the-pharma-industry-awards-featured-in-the-telegraph/,kiwi biosciences,20,8
https://blog.fodzyme.com/how-fructan-hydrolases-break-down-fructan-a-fodmap-group-to-aid-digestion/,fructan,900,34
https://shop.fodzyme.com/blogs/news/low-fodmap-pancake-recipe,low fodmap pancake recipe,40,1
https://care.fodzyme.com/en-US/the-fodzyme-fodmap-scanner-531570,fodmap scanner,40,5
https://care.fodzyme.com/en-US/can-i-travel-with-fodzyme-within-the-united-states-and-internationally-541106,can you bring supplements on a plane,600,0
https://care.fodzyme.com/en-US/getting-started-with-fodzyme-330034,sauerkraut fodmap,200,0
https://blog.fodzyme.com/ceu-webinars-for-clinicians/,free dietitian ceu,200,10
https://blog.fodzyme.com/active-living-and-gut-health/,low fodmap pre workout,30,0
https://care.fodzyme.com/en-US/do-you-offer-free-samples-330021,try free samples,50,61
https://care.fodzyme.com/en-US/does-fodzyme-r-help-with-high-fructose-corn-syrup-330054,corn syrup fodmap,150,0
https://blog.fodzyme.com/portable-enzymes-singledose-launch/,portable meals,50,11
https://care.fodzyme.com/en-US/how-do-i-cancel-my-subscription-330088,how to cancel care of subscription,60,4
https://care.fodzyme.com/en-US/what-are-fodmaps-330104,what are fodmaps,1400,52
https://blog.fodzyme.com/how-to-stack-fodmaps-with-no-concerns/,are pomegranates low fodmap,100,0
https://fodzyme.com/products/fodzyme,bean-zyme,50,0
https://care.fodzyme.com/en-US/how-can-fodzyme-r-be-used-to-help-patients-with-ibs-and-other-gi-conditions-such-as-gastroesophageal-reflux-disease-gerd-diverticulitis-and-inflammatory-bowel-disease-ibd-330036,ibs and gerd,350,5
https://care.fodzyme.com/en-US/how-should-i-test-fodzyme-for-the-first-time-330119,fodmap test,70,2
https://care.fodzyme.com/en-US/do-you-offer-discounts-or-promotions-330019,fsa coupon code,200,12
https://care.fodzyme.com/en-US/what-is-the-difference-between-fodzyme-and-prescription-pancreatic-enzymes-like-creon-does-taking-fodzyme-with-other-digestive-enzymes-influence-their-efficacy-330033,how long does it take for creon to work,200,4
https://care.fodzyme.com/en-US/does-fodzyme-target-gluten-can-fodzyme-help-those-with-celiac-disease-or-other-gluten-related-conditions-330026,fructan intolerance test,150,2
https://care.fodzyme.com/en-US/how-to-use-fodzyme-with-appetizers-small-bites-at-buffets-330046,buffet appetizers,40,14
https://shop.fodzyme.com/blogs/news/unlock-the-power-of-polyphenols-boost-your-health-by-expanding-dietary-choices,polyphenol booster,70,0
https://blog.fodzyme.com/are-all-fodmaps-created-equal/,fructans,3100,13
https://blog.fodzyme.com/motherhood-and-ibs/,staying social and active with ibs,20,7
https://blog.fodzyme.com/science-201-enzyme-activity-and-the-power-of-powder/,enzyme power,20,0
https://care.fodzyme.com/en-US/fodzyme-r-clinical-brief-330076,sorbitol fodmap,150,2
https://shop.fodzyme.com/blogs/news/how-to-get-maximum-nutrients-and-beat-the-workout-bloat,whey protein bloating,200,3
https://blog.fodzyme.com/reintroducing-fodmaps-and-how-enzymes-may-help-you/,is honey low fodmap,800,0
https://care.fodzyme.com/en-US/how-does-fodzyme-affect-blood-sugar-levels-is-it-safe-for-people-with-diabetes-330027,glucose low fodmap,20,0