url_to_plain,anchor,refdomains_source
https://www.siegemedia.com/services/seo/,Visit Website,377
https://www.siegemedia.com/,Visit Website,348
https://www.siegemedia.com/careers,Apply now,943
https://www.siegemedia.com/,Siege Media,18
https://www.siegemedia.com/marketing/advanced-link-reclamation,Link moves,1215
https://www.siegemedia.com/content-writing-intern-remote,We currently have a spot open for a talented Content Writing Intern to help us continue to deliver great content for our clients. Our goal is to make the web a better place by generating content that solves the problems of hundreds of thousands of people each month by the power of search. Learn More,186
https://www.siegemedia.com/creation/infographics,Image Source,206
https://www.siegemedia.com/strategy/seo-tips,Ross Hudgens,448
https://www.siegemedia.com/contrast-ratio,Contrast Ratio – WCAG Color Contrast Checker,4
https://www.siegemedia.com/strategy/content-marketing-statistics,Content-Marketing ist wichtig,14
http://www.siegemedia.com/increase-website-traffic,"the folks at Siege Media created a content optimization ""cheat sheet""",0
https://www.siegemedia.com/strategy/content-marketing-statistics,marketing de contenidos es importante,43
https://www.siegemedia.com/work/vena-digital-pr,Vena Solutions Case Study,362
https://www.siegemedia.com/careers,Check Openings,1384
https://www.siegemedia.com/,Siege Media,1384
https://www.siegemedia.com/marketing/please-exit-the-link-building,Ross Hudgens so aptly points out,137
https://www.siegemedia.com/services/link-building,Siege Media,98
https://www.siegemedia.com/,Siege Media,13
https://www.siegemedia.com/graphic-designer,"Siege Media Graphic Designer Austin, but Remote Position Possible",7
https://www.siegemedia.com/services/link-building,Siege Media,171
https://www.siegemedia.com/,Siege Media,1
https://www.siegemedia.com/work,client list,39
https://www.siegemedia.com/strategy/increase-website-traffic,How to Increase Website Traffic,76
https://www.siegemedia.com/embed-code-generator,this handy embed code generator,1097
http://www.siegemedia.com/embed-code-generator,this embed code generator,1097
https://www.siegemedia.com/,Siege Media,20
https://www.siegemedia.com/strategy/ai-writing-statistics,52% of leading marketers utilize AI-powered content creation tools,30
https://www.siegemedia.com/strategy/content-marketing-statistics,19% of businesses,48
https://www.siegemedia.com/,Siege Media,1
https://www.siegemedia.com/strategy/content-marketing-statistics,90% of businesses,4
https://www.siegemedia.com/seo/title-tags,How to Improve Title Tag CTR by 20%+,507
https://www.siegemedia.com/,Website,17
https://www.siegemedia.com/creation/about-us-page-examples,50 Inspiring ‘About Us’ Page Examples,0
https://www.siegemedia.com/,VISIT WEBSITE,8
https://www.siegemedia.com/seo/title-tags,How To Improve Title Tag CTR By 20%,358
https://www.siegemedia.com/seo/blog-setup-incorrectly,Why Your Blog is Set Up Incorrectly for SEO,63
https://www.siegemedia.com/strategy/content-marketing-trends,Siege Media,2713
https://www.siegemedia.com/graphic-designer-remote,Siege Media Graphic Designer Remote,18
https://www.siegemedia.com/,Siege Media,40
https://www.siegemedia.com/,Siege Media Siege MediaAustin,43
https://www.siegemedia.com/contrast-ratio,https://contrast-ratio.com/,1
https://www.siegemedia.com/,Siege Media,5
https://www.siegemedia.com/strategy/content-marketing-statistics,estudio reciente,1
https://www.siegemedia.com/,Siege Media,63
https://www.siegemedia.com/strategy/bounce-rate,50% of website visitors leave your website,293
https://www.siegemedia.com/,Siege Media,3
https://www.siegemedia.com/strategy/content-marketing-roi,various online calculators,206
https://www.siegemedia.com/,Siege Media,5
https://www.siegemedia.com/about,Siege Media,4
https://www.siegemedia.com/seo/content-audit,saw a ~50% traffic increase,279
https://www.siegemedia.com/strategy/content-marketing-statistics,Le contenu marketing est important,1622
https://www.siegemedia.com/,Siege Media,1
https://www.siegemedia.com/,Seige Media Seige Media,16
https://www.siegemedia.com/contrast-ratio,Contrast-Ratio.com,37
https://www.siegemedia.com/seo/most-popular-keywords,The 100 Most Popular Google Keywords [Infographic],674
https://www.siegemedia.com/work,6.Siege Media,1
https://www.siegemedia.com/work/shutterfly-content-marketing,Shuterfly,0
https://www.siegemedia.com/work/ftd-ecommerce-content-marketing,FTD,0
https://www.siegemedia.com/seo/most-popular-keywords,Siege Media,0
https://www.siegemedia.com/seo/skyscraper-technique,says,642
https://www.siegemedia.com/,Jessica Santos,26
https://www.siegemedia.com/,Siege Media,134
https://www.siegemedia.com/,Siege Media,5
https://www.siegemedia.com/strategy/content-marketing-statistics,50%,13
https://www.siegemedia.com/contrast-ratio,contrast-ratio.com,1
https://www.siegemedia.com/creation/best-infographics,this excellent list of infographics,68
https://www.siegemedia.com/,Visit their site,33
https://www.siegemedia.com/strategy/ai-writing-statistics,Quelle,3
https://www.siegemedia.com/,Siege Media,1
https://www.siegemedia.com/strategy/content-marketing-examples,75 Inspiring Content Marketing Examples,107
https://www.siegemedia.com/blog,Ross Hudgens,107
https://www.siegemedia.com/contrast-ratio,https://contrast-ratio.com/,14
https://www.siegemedia.com/embed-code-generator,Siege Media,13
https://www.siegemedia.com/,https://www.siegemedia.com/,0
https://www.siegemedia.com/work/all,examples of work,0
https://www.siegemedia.com/,here.,1
https://www.siegemedia.com/marketing/outreach-email-template,Source,37
https://www.siegemedia.com/strategy/content-marketing-statistics,three times more leads than paid advertising,43
https://www.siegemedia.com/blog,Siege Media,45
https://www.siegemedia.com/creation/content-creator,https://www.siegemedia.com/creation/content-creator,4
https://www.siegemedia.com/seo/link-building-cost,See here,72
https://www.siegemedia.com/,SEO Content Strategy,1
https://www.siegemedia.com/services/content-localization,Content Localization,1
https://www.siegemedia.com/,Siege Media,0
https://www.siegemedia.com/,Siege Media,19
https://www.siegemedia.com/services/content-marketing,Siege Media Logo,6
https://www.siegemedia.com/creation/copywriting,Joel Klettke,48
http://www.siegemedia.com/strategy/increase-website-traffic,excellent in-depth article,77
https://www.siegemedia.com/contrast-ratio,contrast ratio,92
https://www.siegemedia.com/,Siege Media,40
https://www.siegemedia.com/services/content-marketing,Siege Media Logo,33
https://www.siegemedia.com/,Siege Media,2
https://www.siegemedia.com/marketing,link building promotion tactics,506
https://www.siegemedia.com/contrast-ratio,color contrast analyzer,24
https://www.siegemedia.com/services/content-marketing/,Visit Site,65
https://www.siegemedia.com/services/link-building,Secureframe,2
https://www.siegemedia.com/work/startup-content-marketing,software company,2
https://www.siegemedia.com/work/accounting-software-content-marketing,AAA,2
https://www.siegemedia.com/work/secureframe-content-marketing,Embroker,2
https://www.siegemedia.com/seo/link-building-cost,Ross Hudgens of Siege Media,0
https://www.siegemedia.com/strategy/content-marketing-trends,Siege Media,2424
https://www.siegemedia.com/marketing/link-building-prospecting-scorecard,Siege Media’s Link Prospecting Scorecard,2
https://www.siegemedia.com/strategy/bounce-rate,source,5
https://www.siegemedia.com/embed-code-generator,Siege Media,17
https://www.siegemedia.com/strategy/saas-marketing-trends,Siege Media's 2024 SaaS Marketing Trends Report,27
https://www.siegemedia.com/strategy/content-marketing-statistics,(Siegemedia),2
http://www.siegemedia.com/seo/most-popular-keywords,Click the pic to read the full article on SeigeMedia Click the pic to read the full article on SeigeMedia,0
https://www.siegemedia.com/strategy/content-marketing-statistics%23ch3,el 88% de los vendedores B2B de más éxito,0
https://www.siegemedia.com/strategy/content-marketing-statistics,100 Estadísticas imprescindibles de marketing de contenidos,0
https://www.siegemedia.com/creation/blog-post-templates,how to do proper formatting of your content,578
https://www.siegemedia.com/,Siege Media,281
http://www.siegemedia.com/,Siege Media,2
https://www.siegemedia.com/,siegemedia.com,111
https://www.siegemedia.com/,Siege Media,11
https://www.siegemedia.com/seo/how-to-keywords,How to Rank for “How-to” Keywords,0
https://www.siegemedia.com/strategy/content-marketing-statistics,approach $235.7 billion,1
https://www.siegemedia.com/about,Siege Media,0
https://www.siegemedia.com/work/fintech,assisted,0
https://www.siegemedia.com/seo/title-tags,Cómo mejorar el CTR de la etiqueta de título en un 20%,3
https://www.siegemedia.com/,Siege Media,21
https://www.siegemedia.com/marketing/advanced-link-reclamation,Cambios en los enlaces (en inglés),7
https://www.siegemedia.com/contrast-ratio,https://contrast-ratio.com,54
https://www.siegemedia.com/seo/link-building-cost,Read here,0
https://www.siegemedia.com/seo/title-tags,如何将标题标签的点击率提高20％,12
https://www.siegemedia.com/,Website besuchen ↗,3
https://www.siegemedia.com/conversation/ibm-digital-marketing,How IBM Generated $250M of Lifetime Traffic Value (LTTV),6
https://www.siegemedia.com/conversation/how-to-train-content-marketers,How To Train Content Marketers at Scale,6
https://www.siegemedia.com/blog,SiegeMedia,6
https://www.siegemedia.com/strategy/content-marketing-for-startups,Content Marketing For Startups: How to Make it to Scale,6
https://www.siegemedia.com/marketing/link-building-prospecting-scorecard,The Siege Media Outreach Scorecard,4
https://www.siegemedia.com/,Siege Media,4
https://www.siegemedia.com/strategy/content-marketing-trends,66% of B2B marketers prioritizing audience needs,6
https://www.siegemedia.com/seo/link-building-cost,Backlink 1000 Dollar kosten sollte,1
https://www.siegemedia.com/strategy/on-page-seo,Interactive Guide For On-Page SEO,293
https://www.siegemedia.com/strategy/bounce-rate,"54,5%",2
https://www.siegemedia.com/embed-code-generator,https://www.siegemedia.com/embed-code-generator,425
https://www.siegemedia.com/,Siege Media,1
https://www.siegemedia.com/strategy/content-marketing-statistics,biggest challenges for content marketers,27
https://www.siegemedia.com/contrast-ratio,Contrast-ration.com,4
https://www.siegemedia.com/,Siege Media,1270
https://www.siegemedia.com/contrast-ratio,contrast-ratio.com,1270
https://www.siegemedia.com/,Siege Media,5
https://www.siegemedia.com/creation/blog-post-templates,case study blog post template,5
https://www.siegemedia.com/seo/title-tags,20-100%,5
https://www.siegemedia.com/strategy/grow-an-agency,$10M in ARR,30
https://www.siegemedia.com/,Siege Media,30
https://www.siegemedia.com/contrast-ratio,contrast-ratio.com,2
https://www.siegemedia.com/contrast-ratio,Contrast Ratio tool,45
https://www.siegemedia.com/strategy/bounce-rate,average bounce rate is around 50.9%,0
https://www.siegemedia.com/embed-code-generator,this tool,23
http://www.siegemedia.com/,Siege Media,24
https://www.siegemedia.com/contrast-ratio,Contrast Ratio,0
https://www.siegemedia.com/contrast-ratio,contrast-ratio.com,1
https://www.siegemedia.com/strategy/content-marketing-trends,Siege Media,16
https://www.siegemedia.com/,Siega Media,1
https://www.siegemedia.com/contrast-ratio,Contrast Ratio,3
https://www.siegemedia.com/,Siege Media,3
https://www.siegemedia.com/strategy/video-marketing-statistics,125 статистических данных по видеомаркетингу за 2024 год,0
https://www.siegemedia.com/strategy/content-marketing-statistics,57% of content marketers,2
https://www.siegemedia.com/creation/content-creator,content creator,25
https://www.siegemedia.com/contrast-ratio,Contrast Ratio,6
https://www.siegemedia.com/,www.siegemedia.com,222
https://www.siegemedia.com/,Siege Media,2218
https://www.siegemedia.com/seo/content-strategy,https://www.siegemedia.com/seo/content-strategy,3
https://www.siegemedia.com/marketing/link-building-strategies,Siegemedia,4
https://www.siegemedia.com/strategy/bounce-rate,average bounce rate for a blog page is 82.4 percent,86
https://www.siegemedia.com/seo/link-building-cost,siegemedia,82
https://www.siegemedia.com/contrast-ratio,Test layer colors,24
https://www.siegemedia.com/,Siege Media,6
https://www.siegemedia.com/strategy/content-marketing-statistics,63% of B2B marketers,116
https://www.siegemedia.com/embed-code-generator,Embed code generator,53
https://www.siegemedia.com/,Siege Media,1
https://www.siegemedia.com/creation/aida-model,AIDI formula,1
https://www.siegemedia.com/contrast-ratio,testa kontrasten i dina färgval här.,0
https://www.siegemedia.com/contrast-ratio,1.77,3663
https://www.siegemedia.com/strategy/content-marketing-roi?ref=marketermilk,How to measure content marketing ROI [free calculator],74
https://www.siegemedia.com/,20. Siege Media,0
https://www.siegemedia.com/marketing/best-time-to-send-cold-email,Mondays between 6 to 9 AM works best,0
http://www.siegemedia.com/embed-code-generator,siegemedia,5
https://www.siegemedia.com/seo/link-building-cost,Siege Media,1
https://www.siegemedia.com/services/content-marketing,Siege Media,1
https://www.siegemedia.com/marketing/outreach-email-template,Quelle,1
https://www.siegemedia.com/seo/link-building-cost,According to Siege Media,21
https://www.siegemedia.com/marketing/digital-pr-cost,According to Siege Media,21
https://www.siegemedia.com/,Website,0
https://www.siegemedia.com/strategy/increase-website-traffic,Ross Hudgens of Siege Media,100
https://www.siegemedia.com/,Siege Media,7
https://www.siegemedia.com/,Siege Media Siege Media,0
https://www.siegemedia.com/strategy/bounce-rate,Source,19
https://www.siegemedia.com/conversation/how-to-brainstorm-content-effectively,"Elsie Weisskroff, the Creative Content Lead at Siege Media, talks about the varying degrees in which content ideas can be promotable versus optimizable",0
https://www.siegemedia.com/,Go to website,0
https://www.siegemedia.com/strategy/content-marketing-statistics,21% of content marketers,2
https://www.siegemedia.com/embed-code-generator,,0
https://www.siegemedia.com/careers,here,36
https://www.siegemedia.com/,Siege Media,36
https://www.siegemedia.com/,Siege Media,18
https://www.siegemedia.com/,Website,181
https://www.siegemedia.com/services/content-creation,content creation services,3
https://www.siegemedia.com/,Siege Media,2
https://www.siegemedia.com/embed-code-generator,Siege Media’s Embed Code Generator,18
https://www.siegemedia.com/,Siege Media,7
https://www.siegemedia.com/seo/most-popular-keywords,most searched terms on Google,7
https://www.siegemedia.com/blog/,Siege Media,5
https://www.siegemedia.com/creation/best-content-marketing-courses,,371
https://www.siegemedia.com/strategy/content-marketing-statistics,92% of marketers,1
https://www.siegemedia.com/,Siege Media,0
https://www.siegemedia.com/marketing/advanced-link-reclamation,Link Moves,8
https://www.siegemedia.com/services/content-creation,Siege Media,2
https://www.siegemedia.com/,Siege Media,0
https://www.siegemedia.com/contrast-ratio,этот калькулятор,3
https://www.siegemedia.com/strategy/content-marketing-statistics,content marketing è importante,4
https://www.siegemedia.com/wp-content/uploads/2018/08/seo-content-marketing-meaningful-traffic-1.webp,Source,3
https://www.siegemedia.com/contrast-ratio,Contrast Ratio,3
https://www.siegemedia.com/,Siege Media,1
https://www.siegemedia.com/strategy/content-marketing-statistics,52% of business leaders,0
https://www.siegemedia.com/contrast-ratio,Contrast Ratio,369
https://www.siegemedia.com/,Siege Media,15
https://www.siegemedia.com/strategy/ai-writing-statistics,52% of business leaders to support their content marketing,11
https://www.siegemedia.com/,Siege Media,3
https://www.siegemedia.com/,Siege Media,0
https://www.siegemedia.com/contrast-ratio,Contrast Ratio,23
https://www.siegemedia.com/strategy/saas-marketing-trends,three most popular types of content for SaaS marketing,12
https://www.siegemedia.com/marketing/best-time-to-send-cold-email,Source,3
https://www.siegemedia.com/,Logo of siegemedia.com siegemedia.com,0
https://www.siegemedia.com/wp-content/uploads/2015/09/Case-Study-B2B-10x-Site-Traffic.pdf,How Siege Media Helped GetVoIP Grow Their Traffic by Over 10x in Two Years by SiegeMedia,22
https://www.siegemedia.com/creation/infographics,The Science Behind the Most Popular Infographics by SiegeMedia,22
https://www.siegemedia.com/seo/most-popular-keywords,The 100 Most Popular Google Keywords [Infographic] by SiegeMedia,22
https://www.siegemedia.com/,SiegeMedia,8
https://www.siegemedia.com/contrast-ratio,Tester Contrast ratio,1
https://www.siegemedia.com/strategy/fintech-statistics,study,34
https://www.siegemedia.com/,Siege Media,12
https://www.siegemedia.com/seo/link-building-cost,Siegemedia.com,10
https://www.siegemedia.com/,Siege Media,7
https://www.siegemedia.com/seo/title-tags,Cómo mejorar el CTR de la title tag en un 20% +,6
https://www.siegemedia.com/creation/content-marketing-cost,content marketing,5
https://www.siegemedia.com/contrast-ratio,use this site,1
https://www.siegemedia.com/,Siege Media,0
https://www.siegemedia.com/work/all,SiegeMedia,1
https://www.siegemedia.com/contrast-ratio,Lea Verou’s Contrast Ratio Checker,14
https://www.siegemedia.com/,SiegeMedia,3
https://www.siegemedia.com/seo/link-building-cost,Siege Media,222
https://www.siegemedia.com/embed-code-generator,siegemedia,0
https://www.siegemedia.com/,Siege Media,0
https://www.siegemedia.com/seo/b2b-seo-agencies,Siege Media's 9 Best SEO Agencies In 2023,5
https://www.siegemedia.com/,Siege Media,1
https://www.siegemedia.com/,Siege Media,1
https://www.siegemedia.com/work/zendesk-content-marketing,an enterprise-level company,1
https://www.siegemedia.com/embed-code-generator,créer et d’ajouter un code intégré,0
https://www.siegemedia.com/seo/content-strategy,Post Value Ratio,33
https://www.siegemedia.com/seo/link-building-cost,"high-quality links can exceed $1,500",6
https://www.siegemedia.com/,Siege Media,4
https://www.siegemedia.com/seo/most-popular-keywords,the analysis,4
https://www.siegemedia.com/contrast-ratio,Contrast Ratio,32
https://www.siegemedia.com/,Siege Media,2
https://www.siegemedia.com/blog,Seige Media,0
https://www.siegemedia.com/creation/content-creation,A Marketer’s Guide To Content Creation,0
https://www.siegemedia.com/seo/fintech,Fintech SEO: Strategies Proven to Succeed,0
https://www.siegemedia.com/,Siege Media,0
https://www.siegemedia.com/creation/seo-friendly-content,12 Actionable Tips to Write SEO-Friendly Content,0
https://www.siegemedia.com/strategy/on-page-seo,On-Page SEO: The Complete Guide for 2022 [Interactive],0
https://www.siegemedia.com/strategy/bounce-rate,Siege Media,53
https://www.siegemedia.com/services/san-diego-video-production,video production,10
https://www.siegemedia.com/embed-code-generator,Siege Media,1
https://www.siegemedia.com/embed-code-generator,Embed Code Generator,0
https://www.siegemedia.com/creation/content-marketing-best-practices,content marketing strategy,12
https://www.siegemedia.com/contrast-ratio,ratio de contraste⁠(s’ouvre dans un nouvel onglet ou une nouvelle fenêtre),3
https://www.siegemedia.com/,Открыть веб сайт ↗,0
https://www.siegemedia.com/,their site,0
https://www.siegemedia.com/contrast-ratio,сервиса Contrast Ratio,1
https://www.siegemedia.com/,ウェブサイトを見る ↗,1
https://www.siegemedia.com/,Siege Media,11
https://www.siegemedia.com/contrast-ratio,Contrast Ratio,2
https://www.siegemedia.com/seo/link-building-cost,read more,162
https://www.siegemedia.com/creation/best-infographics,100 best infographics,14
https://www.siegemedia.com/strategy/ecommerce-marketing-agencies,13 Best E-commerce Marketing Agencies in 2024,6
https://www.siegemedia.com/marketing/advanced-link-reclamation,Bouger les liens,4
https://www.siegemedia.com/,Siege Media,0
https://www.siegemedia.com/contrast-ratio,contrast-ratio.com,0
https://www.siegemedia.com/contrast-ratio,siegemedia.com,0
https://www.siegemedia.com/,Siege Media,81
https://www.siegemedia.com/seo/link-building-cost,Siege Media,76
https://www.siegemedia.com/,Siege Media,9
https://www.siegemedia.com/strategy/content-marketing-statistics,a remarkable 27%,6
https://www.siegemedia.com/strategy/content-marketing-statistics,94% of content marketers,3
https://www.siegemedia.com/contrast-ratio,Contrast ratio,0
https://www.siegemedia.com/seo/most-popular-keywords,Siege Media,56
https://www.siegemedia.com/seo/topic-clusters,Siege Media,19
https://www.siegemedia.com/embed-code-generator,https://www.siegemedia.com/embed-code-generator,16
http://www.siegemedia.com/creation/infographics,Read More,0
https://www.siegemedia.com/strategy/content-marketing-statistics,blog bounce rate is 82.4%,3
https://www.siegemedia.com/embed-code-generator,this page,0
https://www.siegemedia.com/strategy/content-marketing-statistics,100 Must-Know Content Marketing Statistics,0
https://www.siegemedia.com/creation/infographics,Source,81
https://www.siegemedia.com/strategy/content-marketing-roi,content marketing ROI calculator from Siege Media,53
https://www.siegemedia.com/,,4
https://www.siegemedia.com/category/conversation,Content and Conversation,3
https://www.siegemedia.com/,Siege Media,0
https://www.siegemedia.com/embed-code-generator,Siege Media’s Free Embed Code Generator,29
https://www.siegemedia.com/,Siege Media,7
https://www.siegemedia.com/contrast-ratio,https://contrast-ratio.com/,16
https://www.siegemedia.com/strategy/bounce-rate,around 45%,1
https://www.siegemedia.com/strategy/bounce-rate,2023 multi-industry research by Siege Media,0
https://www.siegemedia.com/creation/aida-model,long history as a copywriting formula,0
https://www.siegemedia.com/business-form,Get pricing,16
https://www.siegemedia.com/,Siege Media,16
http://www.siegemedia.com/,Siege Media,7
https://www.siegemedia.com/,Siege Media,0
https://www.siegemedia.com/strategy/best-content-creation-services,"ontent creators, strategists, and managers",0
https://www.siegemedia.com/,Siege Media,106
https://www.siegemedia.com/,Siege Media,50
https://www.siegemedia.com/,Siege Media,36
https://www.siegemedia.com/strategy/content-marketing-statistics,60% of marketers,17
https://www.siegemedia.com/seo/topic-clusters,Siege Media,10
https://www.siegemedia.com/work/zendesk-content-marketing,37,0
https://www.siegemedia.com/,Siege Media,14
https://www.siegemedia.com/seo/link-building-cost,cost of high-end links,3
https://www.siegemedia.com/strategy/fintech-statistics,"10,000 fintech startups",0
https://www.siegemedia.com/,Siege Media,0
https://www.siegemedia.com/contrast-ratio,Contrast Ratio,32
http://www.siegemedia.com/,Siege Media,29
https://www.siegemedia.com/marketing/link-relevancy,Siege Media points out,16
https://www.siegemedia.com/blog,Siege Media blog,16
http://www.siegemedia.com/embed-code-generator,Siege Media generator,2
https://www.siegemedia.com/strategy/content-marketing-statistics,319 billion emails,3
https://www.siegemedia.com/strategy/most-effective-content-types,Siegemedia,1
https://www.siegemedia.com/,Siege Media,0
https://www.siegemedia.com/creation/how-much-content,Our Formula for Answering “How Much Content Do I Need?”,0
https://www.siegemedia.com/seo/content-strategy,SEO Content Strategy: How To Create Content That Converts,0
https://www.siegemedia.com/seo/high-impact-seo-consulting,What High-Impact SEO Consulting Looks Like,0
https://www.siegemedia.com/strategy/content-marketing-trends,Siege Media and Wynter,314
https://www.siegemedia.com/,Siege Media,19
https://www.siegemedia.com/,View their website,2
https://www.siegemedia.com/contrast-ratio,лучше даже проверить,0
https://www.siegemedia.com/creation/best-infographics,An Interactive List of the 100 Best Infographics (by Siege Media),140
https://www.siegemedia.com/embed-code-generator,Embed code generator,83
https://www.siegemedia.com/seo/link-building-cost,Siege Media,24
https://www.siegemedia.com/creation/aida-model,AIDA,6
https://www.siegemedia.com/,Siege Media Logo Siege Media Logo,1
https://www.siegemedia.com/strategy/content-marketing-trends,40% of marketers,1
https://www.siegemedia.com/seo/link-building-cost,Siege Media,0
https://www.siegemedia.com/careers,careers video,52
https://www.siegemedia.com/services/content-marketing,content strategy,52
https://www.siegemedia.com/,rankexperience.com => massive linkbuilding,33
https://www.siegemedia.com/strategy/content-marketing-statistics,46 percent of businesses,17
https://www.siegemedia.com/strategy/evergreen-content,enduring appeal,9
https://www.siegemedia.com/marketing/link-relevancy,relevancy,3
https://www.siegemedia.com/contrast-ratio,Contrast Ratio,2
https://www.siegemedia.com/blog,Siege Media's blog,1
https://www.siegemedia.com/creation/b2b-content-strategy,Siege Media B2B Content Strategy,1
https://www.siegemedia.com/contrast-ratio,contrast ratio,1
https://www.siegemedia.com/contrast-ratio,contrast-ratio.com,0
https://www.siegemedia.com/contrast-ratio,https://contrast-ratio.com/,0
https://www.siegemedia.com/embed-code-generator,Infographic Embed Code Generator,22
https://www.siegemedia.com/content-marketing-checklist,Content Marketing Checklist,22
https://www.siegemedia.com/contrast-ratio,contrast-ratio.com/…,7
https://www.siegemedia.com/marketing/manual-link-building,Siege Media,10
https://www.siegemedia.com/marketing/outreach-email-template,SiegeMedia,7
https://www.siegemedia.com/strategy/bounce-rate,SiegeMedia,3
https://www.siegemedia.com/seo/title-tags,20% a 100% o CTR,1
https://www.siegemedia.com/strategy/content-marketing-roi,budget appropriately for the ROI,1
https://www.siegemedia.com/creation/data-sources,106 Free Data Sources For Any Project in 2022,1
https://www.siegemedia.com/,Siege Media,1
https://www.siegemedia.com/strategy/content-marketing-trends,Siege media,0
https://www.siegemedia.com/contrast-ratio,вот такой инструмент,0
https://www.siegemedia.com/marketing/cost-per-link-analysis,passive link acquisition,205
https://www.siegemedia.com/contrast-ratio,online contrast ratio tool,17
https://www.siegemedia.com/,Icon elsewhere website siegemedia.com,11
https://www.siegemedia.com/contrast-ratio,Contrast Ratio by Lea Verou,10
https://www.siegemedia.com/seo/title-tags,SiegeMedia,5
https://www.siegemedia.com/strategy/content-marketing-statistics,the statistics,3
https://www.siegemedia.com/services/link-building,Siege Media,3
https://www.siegemedia.com/strategy/content-marketing-statistics,76% of organizations,3
https://www.siegemedia.com/,Siege Media,2
https://www.siegemedia.com/strategy/ai-writing-statistics,79% of leaders expect generative AI to transform their organizations within the next three years,2
https://www.siegemedia.com/strategy/bounce-rate,"54,5%",0
https://www.siegemedia.com/strategy/content-marketing-statistics,10% to 50% of their content efforts,0
https://www.siegemedia.com/strategy/content-marketing-statistics,92 percent,73
https://www.siegemedia.com/,Siege Media,60
https://www.siegemedia.com/seo/most-popular-keywords,https://www.siegemedia.com/seo/most-popular-keywords,40
https://www.siegemedia.com/contrast-ratio,Contrast Ratio tool,26
https://www.siegemedia.com/contrast-ratio,Contrast Ratio,14
http://www.siegemedia.com/creation/15-content-templates-to-help-scale-quality,templates,0
http://www.siegemedia.com/,Siege Media,8
https://www.siegemedia.com/strategy/content-marketing-statistics,O marketing de conteúdo é importante,8
https://www.siegemedia.com/work/fundera-content-marketing,case study,8
https://www.siegemedia.com/strategy/content-marketing-trends,87%,5
https://www.siegemedia.com/wp-content/uploads/2023/02/2023-Content-Marketing-Trends-Report-Clearscope-and-Siege-Media.pdf,89%,4
https://www.siegemedia.com/strategy/content-marketing-statistics,33%,5
https://www.siegemedia.com/blog,Siege Media,5
https://www.siegemedia.com/seo/content-strategy,Source,5
https://www.siegemedia.com/creation/content-marketing-cost,"$6,000 to $60,000+",1
https://www.siegemedia.com/strategy/content-marketing-statistics,51%,1
https://www.siegemedia.com/,Siege Media,0
https://www.siegemedia.com/strategy/content-marketing-statistics,Siege Media,0
https://www.siegemedia.com/strategy/increase-website-traffic,Siege Media,175
https://www.siegemedia.com/contrast-ratio,online luminance and contrast checkers,75
https://www.siegemedia.com/contrast-ratio,Contrast Ratio,22
https://www.siegemedia.com/seo/link-building-cost,Siege Media,16
https://www.siegemedia.com/,https://www.siegemedia.com/,12
https://www.siegemedia.com/strategy/fintech-statistics,$25 billion.,6
https://www.siegemedia.com/,3. Siege Media,3
https://www.siegemedia.com/,Siege Media,2
https://www.siegemedia.com/embed-code-generator,Siege Media,1
https://www.siegemedia.com/strategy/on-page-seo,Easy On-Page SEO Guide,309
https://www.siegemedia.com/strategy/link-building-strategies,link building strategies that scale,67
https://www.siegemedia.com/strategy/increase-website-traffic,"How to Increase Website Traffic by 250,000+ Monthly Visits",51
https://www.siegemedia.com/,Siege Media,51
https://www.siegemedia.com/blog,"47,373",51
https://www.siegemedia.com/conversation/tom-critchlow-seo,how to secure a $1 million SEO budget,51
https://www.siegemedia.com/seo/content-strategy,SEO Content Strategy: How to Build a 250K+ Visit Process,48
https://www.siegemedia.com/creation/copywriting,interview with Joel Klettke,48
https://www.siegemedia.com/seo/topic-clusters,their article,48
http://www.siegemedia.com/creation/google-consumer-surveys-for-content-marketers,"""Google Consumer Surveys: A Guide for Content Marketers""",44
https://www.siegemedia.com/contrast-ratio,Contrast Ratio,16
https://www.siegemedia.com/strategy/content-marketing-statistics,Siegemedia,17
https://www.siegemedia.com/strategy/content-marketing-statistics,building a connection with existing clients,10
https://www.siegemedia.com/strategy/content-marketing-trends,74% more likely to report poor performance,10
https://www.siegemedia.com/marketing/advanced-link-reclamation,Image Source,6
https://www.siegemedia.com/conversation/brodie-clark,SEO Strategies for International Expansion w/ Brodie Clark,3
https://www.siegemedia.com/strategy/content-marketing-trends,47% of businesses,3
https://www.siegemedia.com/strategy/enterprise-seo-consultants,The 20 Best Enterprise SEO Consultants to Work With in 2023,3
https://www.siegemedia.com/marketing/link-building-strategies,great link-building techniques,2
https://www.siegemedia.com/,Siege Media,2
https://www.siegemedia.com/contrast-ratio,オンライン輝度・コントラストチェッカー,1
https://www.siegemedia.com/strategy/content-marketing-statistics,Demand Gen,1
https://www.siegemedia.com/,Visit Website,1
https://www.siegemedia.com/marketing/multiple-outreach-markets,https://www.siegemedia.com/marketing/multiple-outreach-markets,1
https://www.siegemedia.com/marketing/best-time-to-send-cold-email,Research and test different times and days of the week,0
https://www.siegemedia.com/contrast-ratio,herramienta,0
https://www.siegemedia.com/strategy/content-marketing-statistics,Siege Media,0
https://www.siegemedia.com/creation/best-infographics,The 100 Best Infographics,236
https://www.siegemedia.com/matt-cutts-video-transcript,Ross for transcribing the video,76
https://www.siegemedia.com/seo/link-building-cost,should cost $1k USD.,51
http://www.siegemedia.com/embed-code-generator,Embed Code Generator,11
https://www.siegemedia.com/seo/link-building-cost,Another study,11
http://www.siegemedia.com/,www.siegemedia.com,10
https://www.siegemedia.com/strategy/content-marketing-statistics,production volume,9
https://www.siegemedia.com/strategy/link-building-strategies,"siege media “9 Link Building Strategies That Generate 5,000+ Links/mo",5
https://www.siegemedia.com/seo/blog-setup-incorrectly,Pourquoi votre blog n’est pas configuré correctement pour le SEO,3
https://www.siegemedia.com/strategy/ai-writing-statistics,83.2% of content marketers plan to use AI content generation tools to assist their content marketing efforts in 2024.,2
https://www.siegemedia.com/creation/content-marketing-cost,outcome-driven blog post,1
https://www.siegemedia.com/strategy/content-marketing-trends,Content Marketing Trends & Insights,1
https://www.siegemedia.com/marketing/advanced-link-reclamation,リンクの変更,0
https://www.siegemedia.com/strategy/fintech-statistics,94%,0
https://www.siegemedia.com/,https://www.siegemedia.com/,0
https://www.siegemedia.com/marketing/cost-per-link-analysis,see here for more details,1326
https://www.siegemedia.com/strategy/content-marketing-statistics,76% of content marketers,635
https://www.siegemedia.com/strategy/content-marketing-statistics,Siege Media,50
https://www.siegemedia.com/marketing/advanced-link-reclamation,链接更改,27
https://www.siegemedia.com/embed-code-generator,Siege Media’s Embed Code Generator,5
https://www.siegemedia.com/?ref=clearscope.io,https://siegemedia.com/,2
https://www.siegemedia.com/marketing/manual-link-building,here,1
https://www.siegemedia.com/strategy/content-marketing-statistics,100 statistiska uppgifter om innehållsmarknadsföring som du måste känna till,0
https://www.siegemedia.com/embed-code-generator,Siege Media,0
https://www.siegemedia.com/marketing/content-marketing-tips,https://www.siegemedia.com,0
https://www.siegemedia.com/contrast-ratio,https://contrast-ratio.com,0
https://www.siegemedia.com/creation/about-us-page-examples,연구 조사 결과,0
https://www.siegemedia.com/creation/about-us-page-examples,연구 조사 결과,0
https://www.siegemedia.com/strategy/content-marketing-statistics,40% of consumers,0
https://www.siegemedia.com/strategy/content-marketing-trends,SiegeMedia’s 2024 Content Marketing Trends Report,21
https://www.siegemedia.com/marketing/stumbleupon-marketing-guide,guide,14
https://www.siegemedia.com/contrast-ratio,tento nástroj,6
https://www.siegemedia.com/embed-code-generator,embed code generator,4
https://www.siegemedia.com/,Siege Media,4
https://www.siegemedia.com/,Siege Media,2
https://www.siegemedia.com/strategy/content-marketing-trends,one of the biggest challenges,1
https://www.siegemedia.com/creation/best-infographics,The 100 Best Infographics of 2017,1
https://www.siegemedia.com/seo/google-ranking-factors,Google Ranking Factors with Cyrus Shepard,0
https://www.siegemedia.com/,Seige Media,0
https://www.siegemedia.com/strategy/content-refresh,Siege Media,0
https://www.siegemedia.com/strategy/bounce-rate,Siege Media,0
https://www.siegemedia.com/strategy/content-marketing-trends,Siege Media,0
https://www.siegemedia.com/embed-code-generator,embed-code-generator,0
https://www.siegemedia.com/contrast-ratio,Check the color contrast on your site.,0
https://www.siegemedia.com/strategy/content-marketing-statistics,39% of viewers,0
https://www.siegemedia.com/contrast-ratio,contrast-ratio.com,0
https://www.siegemedia.com/contrast-ratio,contrast-ratio.com,293
https://www.siegemedia.com/strategy/digital-pr-strategies,9 Digital PR Strategies Shaping Businesses in 2024,31
https://www.siegemedia.com/services/content-marketing,Siege Media Logo,16
https://www.siegemedia.com/contrast-ratio,contrast-ratio.com,9
https://www.siegemedia.com/creation/about-us-page-examples,52%) of users,3
http://www.siegemedia.com/,http://www.siegemedia.com,1
https://www.siegemedia.com/creation/content-creator,ผู้สร้างเนื้อหา,0
https://www.siegemedia.com/contrast-ratio,Contrast Ratio,0
https://www.siegemedia.com/contrast-ratio,Contrast Ratio,0
https://www.siegemedia.com/strategy/content-marketing-interview-questions,Content Marketing Interview Questions From Hiring 100+,0
https://www.siegemedia.com/strategy/content-marketing-statistics,64% of B2B businesses,108
https://www.siegemedia.com/strategy/content-marketing-trends,83.2% of content marketers surveyed,108
https://www.siegemedia.com/seo/content-audit,Siege Media,66
https://www.siegemedia.com/,,57
https://www.siegemedia.com/contrast-ratio,this one.,54
https://www.siegemedia.com/,Website,40
https://www.siegemedia.com/courses/content-marketing,SiegeLearn,33
https://www.siegemedia.com/seo/most-popular-keywords,the 100 most popular,10
https://www.siegemedia.com/about,SiegeMedia,9
https://www.siegemedia.com/contrast-ratio,color contrast checker,7
https://www.siegemedia.com/seo/content-strategy,Siegemedia,2
https://www.siegemedia.com/,Siege Media,1
https://www.siegemedia.com/strategy/bounce-rate,Qu’est-Ce Qu’un Bon Taux De Rebond ? [2022 Data],1
https://www.siegemedia.com/embed-code-generator,Embed Code Generator,2
https://www.siegemedia.com/contrast-ratio,ツールを使う,1
https://www.siegemedia.com/,Siege Media,0
https://www.siegemedia.com/strategy/content-marketing-statistics,"600,000,000 blog posts",0
https://www.siegemedia.com/courses/content-marketing,Content Marketing Course by Siege Media,0
https://www.siegemedia.com/,Siege Media,0
https://www.siegemedia.com/strategy/best-content-marketing-agencies,Siege Media's,0
https://www.siegemedia.com/strategy/content-marketing-statistics,View Article,5
https://www.siegemedia.com/contrast-ratio,contrast-ratio.com,0
https://www.siegemedia.com/marketing/link-relevancy,relevant links,0
http://www.siegemedia.com/strategy/content-marketing-statistics-that-actually-drive-action,44% of marketers,0
https://www.siegemedia.com/embed-code-generator,Siege Media’s online embed code generator,278
https://www.siegemedia.com/,Siege Media,116
https://www.siegemedia.com/contrast-ratio,Contrast Ratio,73
https://www.siegemedia.com/strategy/how-to-prove-outreach-roi-with-link-value-ratio,Link Value Ratio,62
https://www.siegemedia.com/conversation/gaetano-dinardi,"from 0 to over 200,000 monthly website visitors",20
https://www.siegemedia.com/seo/most-popular-keywords,Siege Media,18
https://www.siegemedia.com/strategy/content-marketing-trends,(Siege Media and ClearScope,14
https://www.siegemedia.com/,founder/CEO of Siege Media,8
https://www.siegemedia.com/strategy/content-marketing-statistics,149 Must-Know Content Marketing Statistics for 2023,4
https://www.siegemedia.com/contrast-ratio,Accessibility Color Contrast-Ratio Checker,3
https://www.siegemedia.com/seo/title-tags,odpowiedni tytuł jest w stanie poprawić współczynnik klikalności (CTR) o 20-100%.,2
https://www.siegemedia.com/strategy/social-media-marketing-world-2014-recap,Content Marketing Recap from Social Media Marketing World 2014 #SMMW14,1
https://www.siegemedia.com/seo/blog-setup-incorrectly,this blog post,1
https://www.siegemedia.com/contrast-ratio,使う,1
https://www.siegemedia.com/business-form,Start a project,0
https://www.siegemedia.com/,Siege Media,0
https://www.siegemedia.com/strategy/content-marketing-trends,Siege Media,0
https://www.siegemedia.com/,Siege Media,0
https://www.siegemedia.com/,Siege Media,0
https://www.siegemedia.com/contrast-ratio,Contrast-ratio.com,0
https://www.siegemedia.com/strategy/grow-an-agency,yıllık yinelenen gelirde 10 milyon ABD dolarına,0
https://www.siegemedia.com/,Siege Media,0
https://www.siegemedia.com/contrast-ratio,https://contrast-ratio.com,0
https://www.siegemedia.com/strategy/fintech-statistics,37 bilhões de dólares até 2026,0
https://www.siegemedia.com/strategy/content-marketing-statistics,marketing de conteúdo,0
https://www.siegemedia.com/strategy/content-marketing-statistics,33% of B2C content marketers,330
https://www.siegemedia.com/conversation/devin-bramhall,Animalz Former CEO Devin Bramhall: Lack of Creativity in Content Marketing,249
http://www.siegemedia.com/seo/high-impact-seo-consulting,What High-Impact SEO Consulting Looks Like,192
http://www.siegemedia.com/conversation/nerdwallet-s1,What SEOs Can Learn from NerdWallet's S-1,186
https://www.siegemedia.com/courses/content-marketing,Content Marketing Course by Siege Media,154
https://www.siegemedia.com/creation/copywriting-tips,40+ Copywriting Tips That’ll Boost Your SEO Rankings - Siege Media,179
https://www.siegemedia.com/creation/blog-post-templates,8 Blog Post Templates Proven to Drive Results,113
https://www.siegemedia.com/creation/data-sources,106 Free Data Sources For Any Content Marketing Project,110
https://www.siegemedia.com/marketing/google-search-operators,39 Google Search Operators Every Content Marketer Should Know,108
https://www.siegemedia.com/creation/how-to-write-a-good-blog-post,How to Write a Good Blog Post in 12 Actionable Steps [w/ Examples],107
https://www.siegemedia.com/seo/link-building-cost,estimates about $500.,84
https://www.siegemedia.com/,Siege Media,71
https://www.siegemedia.com/careers,Careers at Siege Media,73
https://www.siegemedia.com/marketing/content-promotion-for-b2b,Content Promotion for B2B with Benji Hyam,50
https://www.siegemedia.com/seo/search-clicks,Why You Should Use Search Clicks Not Search Volume,49
https://www.siegemedia.com/strategy/11-content-marketing-tips,11 Content Marketing Tips for 2019: Advice From the Experts,48
https://www.siegemedia.com/seo/topic-clusters,When the Topic Cluster Model Doesn't Work,49
https://www.siegemedia.com/seo/google-ranking-factors,Google Ranking Factors with Cyrus Shepard,29
https://www.siegemedia.com/,http://siegemedia.com,7
https://www.siegemedia.com/strategy/ai-writing-statistics,83.2% of content marketers planning to use them to assist their content marketing efforts in 2024,7
http://www.siegemedia.com/,Siege Media,5
http://www.siegemedia.com/embed-code-generator,embed code generator,5
https://www.siegemedia.com/content-marketing-checklist,our checklist,5
https://www.siegemedia.com/contrast-ratio,https://contrast-ratio.com/,6
https://www.siegemedia.com/,Siege Media,4
https://www.siegemedia.com/seo/link-building-cost,"$500-$1,000",4
https://www.siegemedia.com/strategy/content-marketing-statistics,38%,3
https://www.siegemedia.com/contrast-ratio,contrast checker when in doubt,4
https://www.siegemedia.com/contrast-ratio,contrast-ratio.com,3
https://www.siegemedia.com/strategy/bounce-rate,Siege Media,3
https://www.siegemedia.com/strategy/content-marketing-statistics,Siegemedia,2
https://www.siegemedia.com/contrast-ratio,Contrast Ratio website,1
https://www.siegemedia.com/,Visit Website,1
https://www.siegemedia.com/,Medios de comunicación,1
https://www.siegemedia.com/work/zendesk-content-marketing,10.675 enlaces,1
https://www.siegemedia.com/careers,Siege Content,1
https://www.siegemedia.com/,https://www.siegemedia.com,1
https://www.siegemedia.com/creation/blog-post-templates,Template Siegemedia,0
http://www.siegemedia.com/blog,Ross Hudgens,0
https://www.siegemedia.com/,Siege Media,0
https://www.siegemedia.com/contrast-ratio,Contrast ratio,0
https://www.siegemedia.com/strategy/bounce-rate,around 50%,0
https://www.siegemedia.com/contrast-ratio,contrast-ratio.com,0
http://www.siegemedia.com/,View Website,0
https://www.siegemedia.com/contrast-ratio,contrast-ratio.com,0
https://www.siegemedia.com/,Siege Media,65
https://www.siegemedia.com/wp-content/uploads/2023/02/2023-Content-Marketing-Trends-Report-Clearscope-and-Siege-Media.pdf,48.1%,65
http://www.siegemedia.com/strategy/increase-website-traffic,this epic guide,57
https://www.siegemedia.com/contrast-ratio,you can check your palette here,56
https://www.siegemedia.com/creation/infographics,great infographic,38
http://www.siegemedia.com/most-popular-infographics,infographic,38
https://www.siegemedia.com/embed-code-generator,https://www.siegemedia.com/embed-code-generator,30
https://www.siegemedia.com/marketing/powerful-twitter-tactic-business-blogs-arent-using,Make sure your Twitter cards are in place,12
https://www.siegemedia.com/contrast-ratio,Contrast Ratio Checker,13
https://www.siegemedia.com/strategy/content-marketing-statistics,65 %,11
https://www.siegemedia.com/blog,Siege Media,9
https://www.siegemedia.com/contrast-ratio?ref=chamaileon.io,Contrast Ratio Checker,9
https://www.siegemedia.com/marketing/best-time-to-send-cold-email,Send emails,9
https://www.siegemedia.com/seo/ai-overviews-impact-report,AI Overviews SEO Impact Report [New Data],6
https://www.siegemedia.com/contrast-ratio,Contrast Ratio,5
https://www.siegemedia.com/strategy/best-link-building-services,#4 on Seige Media's Top 9 Link Building Agencies,5
https://www.siegemedia.com/contrast-ratio,Contrast-Ratio,5
https://www.siegemedia.com/,Siege Media,6
https://www.siegemedia.com/strategy/content-marketing-statistics,94% of senior marketers,4
http://www.siegemedia.com/seo/title-tags,blog post,4
https://www.siegemedia.com/contrast-ratio,Check type and color contrast,4
https://www.siegemedia.com/contrast-ratio,Lea Verou’s Contrast Ratio Checker,3
https://www.siegemedia.com/contrast-ratio,Contrast Ratio,3
https://www.siegemedia.com/seo/ai-overviews-impact-report,AI Overviews SEO impact report,3
https://www.siegemedia.com/seo/content-audit,saw a 50% traffic increase,2
https://www.siegemedia.com/seo/content-audit,50% traffic increase,2
https://www.siegemedia.com/,website,1
https://www.siegemedia.com/contrast-ratio,Contrast-Ratio,1
https://www.siegemedia.com/contrast-ratio,Contrast Ratio,1
https://www.siegemedia.com/creation/content-creator,Content creators,1
https://www.siegemedia.com/contrast-ratio,Contrast Ratio,1
https://www.siegemedia.com/marketing/best-time-to-send-cold-email,best time to send cold emails,1
https://www.siegemedia.com/contrast-ratio,Contrast Ratio,1
https://www.siegemedia.com/strategy/content-marketing-statistics,Content marketing matters,1
https://www.siegemedia.com/about,$148.6 million per year,1
https://www.siegemedia.com/,Siege Media,0
https://www.siegemedia.com/strategy/content-marketing-statistics,61% marketerów,0
https://www.siegemedia.com/contrast-ratio,https://contrast-ratio.com/ Länk till annan webbplats.,0
https://www.siegemedia.com/strategy/ai-writing-statistics,52 %,0
https://www.siegemedia.com/contrast-ratio,Contrast Ratio,0
https://www.siegemedia.com/strategy/content-marketing-statistics,2020 survey,0
https://www.siegemedia.com/strategy/bounce-rate,źródło,0
https://www.siegemedia.com/strategy/content-marketing-statistics,52%,0
https://www.siegemedia.com/strategy/content-marketing-trends,66% of B2B marketers,0
https://www.siegemedia.com/creation/b2b-seo-content-strategy,plan to increase their budgets for SEO,0
https://www.siegemedia.com/strategy/bounce-rate,SiegeMedia,0
https://www.siegemedia.com/creation/about-us-page-examples,Siega Media,0
https://www.siegemedia.com/,Visit Website,0
https://www.siegemedia.com/strategy/ecommerce-statistics,12 to 24 million,0
https://www.siegemedia.com/work/uscreen-content-marketing,Uscreen increase its organic traffic by 117%,0
https://www.siegemedia.com/,Siege Media,0
https://www.siegemedia.com/embed-code-generator,https://www.siegemedia.com/embed-code-generator,507
https://www.siegemedia.com/,Visit Website,172
https://www.siegemedia.com/seo/title-tags,Siege Media,66
https://www.siegemedia.com/,Siege Media,75
https://www.siegemedia.com/contrast-ratio,contrast-ratio.com,66
https://www.siegemedia.com/,Siege Media,66
http://www.siegemedia.com/marketing/blogger-outreach,How We Improved Blogger Outreach Placements By 63%,83
http://www.siegemedia.com/,Siege Media,83
http://www.siegemedia.com/strategy/increase-website-traffic,"How to Increase Website Traffic by 250,000+ Monthly Visits",83
http://www.siegemedia.com/content-marketing-checklist,84-Point Content Marketing Checklist [Interactive],83
https://www.siegemedia.com/marketing/short-form-text,http://www.siegemedia.com/short-form-text,49
http://www.siegemedia.com/services/content-marketing,Siege Media,50
https://www.siegemedia.com/strategy/c,https://www.siegemedia.com/...,31
http://www.siegemedia.com/strateg,http://www.siegemedia.com/strateg,31
https://www.siegemedia.com/,http://www.siegemedia.com,31
https://www.siegemedia.com/contrast-ratio,Image source,23
https://www.siegemedia.com/contrast-ratio,Découvrir ➞,27
https://www.siegemedia.com/embed-code-generator,siegemedia.com/embed-code-generator,23
https://www.siegemedia.com/work/statrys-content-marketing,"Statrys add $518,801/mo in traffic value in 6 months.",17
https://www.siegemedia.com/,Siege Media is a leading SEO and link building agency,17
https://www.siegemedia.com/marketing/link-relevancy,good company,18
https://www.siegemedia.com/strategy/content-marketing-statistics,SiegeMedia,14
https://www.siegemedia.com/,Siege Media,1
https://www.siegemedia.com/strategy/ai-writing-statistics,52%,11
https://www.siegemedia.com/strategy/content-marketing-statistics,27%,11
https://www.siegemedia.com/blog,Siege Media,11
https://www.siegemedia.com/creation/content-marketing-cost,Siege Media,8
http://www.siegemedia.com/embed-code-generator,gerador de Embed Code do Siege Media,7
https://www.siegemedia.com/contrast-ratio,https://contrast-ratio.com,7
https://www.siegemedia.com/,siegemedia.com,5
https://www.siegemedia.com/seo/most-popular-keywords,100 most searched terms,7
https://www.siegemedia.com/,Siege Media,5
https://www.siegemedia.com/contrast-ratio,contrast-ratio.com,4
https://www.siegemedia.com/marketing/digital-pr-cost,source,4
https://www.siegemedia.com/contrast-ratio,Contrast-ratio.com,3
https://www.siegemedia.com/,Siege Media,3
https://www.siegemedia.com/seo/title-tags,source,2
https://www.siegemedia.com/,Siege Media,2
https://www.siegemedia.com/strategy/content-marketing-statistics,more than half of businesses,2
https://www.siegemedia.com/embed-code-generator,https://www.siegemedia.com/embed-code-generator,2
https://www.siegemedia.com/marketing/cost-per-link-analysis,this case study,3
https://www.siegemedia.com/contrast-ratio,free online tools,2
https://www.siegemedia.com/strategy/what-is-a-content-hub,https://www.siegemedia.com/strategy/what-is-a-content-hub#content-hub-benefits,3
https://www.siegemedia.com/,Visit Siege Media,2
https://www.siegemedia.com/services/content-marketing,Image source,2
https://www.siegemedia.com/,Siege Media,2
http://www.siegemedia.com/seo/title-tags,post on title tags from Siege Media,2
https://www.siegemedia.com/careers,Siege Media,1
https://www.siegemedia.com/team/ross-hudgens,Ross Hudgens | Siege Media,1
https://www.siegemedia.com/strategy/bounce-rate,"Типичный показатель отказов блога составляет 82,4%",1
https://www.siegemedia.com/strategy/content-marketing-statistics,spend the least on content marketing,1
https://www.siegemedia.com/seo/ai-overviews-impact-report,A recent analysis by Siege Media,1
https://www.siegemedia.com/strategy/bounce-rate,Le site SiegeMedia,1
http://www.siegemedia.com/embed-code-generator,Siege Media's Embed Code Generator,1
https://www.siegemedia.com/contrast-ratio,contrast-ratio.com,1
http://www.siegemedia.com/marketing/blogger-outreach,o increase outreach placement rates by 63% by refining their outreach process,1
https://www.siegemedia.com/strategy/bounce-rate,The typical blog bounce rate is 82.4%,1
https://www.siegemedia.com/contrast-ratio,color contrast calculator,1
https://www.siegemedia.com/seo/title-tags,SEO nas title tags,1
https://www.siegemedia.com/seo/most-popular-keywords,The 100 Most Popular Google Keywords [Infographic],1
https://www.siegemedia.com/contrast-ratio,https://contrast-ratio.com,1
https://www.siegemedia.com/contrast-ratio,contrast-ratio.com,1
https://www.siegemedia.com/contrast-ratio,ContrastRatio,1
https://www.siegemedia.com/strategy/5-strategies-building-50-person-agency,show dedication to them,1
https://www.siegemedia.com/strategy/increase-website-traffic,Read the case study post,1
https://www.siegemedia.com/strategy/video-marketing-statistics,50%,1
https://www.siegemedia.com/services/link-building,Siege Media,1
https://www.siegemedia.com/creation/best-infographics,Siege Media compilation,0
https://www.siegemedia.com/contrast-ratio,Siege Media's contrast ratio tool,0
https://www.siegemedia.com/strategy/content-marketing-statistics,With 54% of businesses planning to increase their content marketing budgets this year,0
https://www.siegemedia.com/,Siege Media,0
https://www.siegemedia.com/strategy/content-marketing-statistics,bijna 20% van de bedrijven,0
https://www.siegemedia.com/,https://www.siegemedia.com,0
https://www.siegemedia.com/contrast-ratio,Contrast Ratio,0
https://www.siegemedia.com/strategy/content-marketing-statistics,quase 20% das empresas,0
https://www.siegemedia.com/strategy/b2b-saas-marketing-strategies,Siege Media,0
https://www.siegemedia.com/conversation/tom-critchlow-seo-consulting,What Good SEO Consulting Looks Like w/ Tom Critchlow,0
https://www.siegemedia.com/,Siege Media,0
https://www.siegemedia.com/,Siege Media,0
https://www.siegemedia.com/,Siege Media,0
https://www.siegemedia.com/work/zendesk-content-marketing,69% increase in organic traffic,0
https://www.siegemedia.com/embed-code-generator,http://www.siegemedia.com/embed-code-generator,0
https://www.siegemedia.com/contrast-ratio,Contrast Ratio,0
https://www.siegemedia.com/marketing/best-time-to-send-cold-email,Siege Media,0
https://www.siegemedia.com/strategy/bounce-rate,Siege Media,0
https://www.siegemedia.com/strategy/fintech-statistics,majority,0
https://www.siegemedia.com/seo/most-popular-keywords,Google Images,0
https://www.siegemedia.com/creation/content-creator,Создатели контента,0
https://www.siegemedia.com/strategy/ecommerce-statistics,of global retail sales,0
https://www.siegemedia.com/strategy/content-marketing-statistics,63% of content marketers,0
https://www.siegemedia.com/contrast-ratio,背景色が白(#ffffff)であれば、#949494 が明度比 3:1 を満たします,0
https://www.siegemedia.com/strategy/business-blog-examples,business,0
https://www.siegemedia.com/creation/content-creator,Creadores de contenido,0
https://www.siegemedia.com/strategy/content-marketing-statistics,quasi il 20% delle aziende,0
https://www.siegemedia.com/contrast-ratio,Contrast Ratio Checker,0
https://www.siegemedia.com/contrast-ratio,Contrast Ratio Easy Calculator,0
https://www.siegemedia.com/marketing/advanced-link-reclamation,Siege Media,547
https://www.siegemedia.com/,Siege Media,305
https://www.siegemedia.com/seo/link-building-cost,Siege Media,326
https://www.siegemedia.com/,Website,235
http://www.siegemedia.com/content-marketing-checklist,http://bit.ly/1x4vcLi,210
https://www.siegemedia.com/strategy/content-marketing-examples,list of content marketing examples,95
https://www.siegemedia.com/strategy/video-marketing-statistics,Siege Media,83
https://www.siegemedia.com/marketing/advanced-link-reclamation,I highly recommend you checking out this article,118
https://www.siegemedia.com/,Siege Media,142
http://www.siegemedia.com/,Siege Media,91
http://www.siegemedia.com/strategy/increase-website-traffic,increasing website traffi﻿c,91
https://www.siegemedia.com/,Siege Media,77
https://www.siegemedia.com/content-curation,definitive guide to content curation,77
https://www.siegemedia.com/,Siege Media,1
https://www.siegemedia.com/contrast-ratio,Contrast Ratio,50
https://www.siegemedia.com/contrast-ratio,http://contrast-ratio.com,63
https://www.siegemedia.com/contrast-ratio,free contrast tool,55
https://www.siegemedia.com/blog,Content and Conversation: SEO Tips from Siege Media,38
https://www.siegemedia.com/seo/content-audit,content auditOpens a new window,43
https://www.siegemedia.com/,Siege MediaOpens a new window,43
https://www.siegemedia.com/marketing/organic-discovery-vs-pitchable-serps,their latest blog post that has the same title,74
https://www.siegemedia.com/creation/best-infographics,filterable list,33
https://www.siegemedia.com/seo/skyscraper-technique,When and Why the Skyscraper Technique Can Fail,31
https://www.siegemedia.com/blog,Siege Media,31
https://www.siegemedia.com/strategy/2x-content-not-10x-content,Why You Need 2x Content Not 10x Content,31
https://www.siegemedia.com/seo/image-snippets-on-mobile,How to Get Image Snippets on Mobile,31
https://www.siegemedia.com/seo/link-building-cost,Siege Media Link Building Cost Analysis,29
http://www.siegemedia.com/strategy/seo-tips,smart SEOs,0
https://www.siegemedia.com/marketing/link-building-strategies,https://www.siegemedia.com/marketing/link-building-strategies,19
http://www.siegemedia.com/,siegemedia.com,15
https://www.siegemedia.com/embed-code-generator,https://www.siegemedia.com/embed-code-generator,15
https://www.siegemedia.com/contrast-ratio,Contrast Ratio,7
https://www.siegemedia.com/contrast-ratio,https://contrast-ratio.com/,14
https://www.siegemedia.com/marketing/best-time-to-send-cold-email,Siege Media,14
https://www.siegemedia.com/creation/content-marketing-best-practices,content best practices,10
https://www.siegemedia.com/embed-code-generator,embed code generator tool,13
https://www.siegemedia.com/marketing/manual-link-building,Siege Media,12
https://www.siegemedia.com/seo/content-audit,resource,13
https://www.siegemedia.com/embed-code-generator,embed code generators online,12
http://www.siegemedia.com/embed-code-generator,Siege Media Embed Code Generator,9
https://www.siegemedia.com/strategy/train-content-marketer,formal ways of employee training,10
https://www.siegemedia.com/seo/title-tags,best blog post title,6
https://www.siegemedia.com/careers,here,6
https://www.siegemedia.com/services/digital-pr,Siege Media,5
https://www.siegemedia.com/,Siege Media,6
https://www.siegemedia.com/,www.siegemedia.com,5
https://www.siegemedia.com/seo/fintech,Finance Content Marketing Best Practices for 2020,8
https://www.siegemedia.com/content-marketing,infographic design services,8
https://www.siegemedia.com/strategy/benefits-of-content-marketing,communicate and persuade people,5
https://www.siegemedia.com/,Siege Media: SEO-Focused Content Marketing Pros,6
https://www.siegemedia.com/strategy/content-marketing-trends,Siege Media,6
https://www.siegemedia.com/strategy/content-marketing-trends,Content Marketing Trends report,6
https://www.siegemedia.com/contrast-ratio,Contrast Ratio van Lea Verou,5
https://www.siegemedia.com/,Siege Media Siege Media,6
https://www.siegemedia.com/marketing/blogger-outreach,how “asking before sending” increased their reply rate by 63%.,6
http://www.siegemedia.com/careers,www.siegemedia.com/careers,3
http://www.siegemedia.com/strategy/increase-website-traffic,"How To Increase Website Traffic By 250,000+ Monthly Visits",5
https://www.siegemedia.com/strategy/content-marketing-statistics,1,4
https://www.siegemedia.com/strategy/content-marketing-trends,Seige Media,4
https://www.siegemedia.com/seo/title-tags,needs to be addressed,4
https://www.siegemedia.com/contrast-ratio,Relação de Contraste,3
https://www.siegemedia.com/creation/content-creator,What is a Content Creator? And How Can You Become One?,3
https://www.siegemedia.com/seo/content-audit,Siege Media,3
https://www.siegemedia.com/marketing/digital-pr-cost,cost of digital PR,2
http://www.siegemedia.com/,siegemedia.com,3
https://www.siegemedia.com/creation/seo-friendly-content,improve your content,2
https://www.siegemedia.com/,Website,3
https://www.siegemedia.com/work,case studies page,2
https://www.siegemedia.com/contrast-ratio,Contrast Ratio,2
https://www.siegemedia.com/best-infographics,the 100 best infographics,3
https://www.siegemedia.com/contrast-ratio,a contrast ratio tool,3
http://www.siegemedia.com/,Siege Media,3
https://www.siegemedia.com/,Siege Media | Content Marketing Agency,3
https://www.siegemedia.com/strategy/bounce-rate,Belagerungsmedien,3
https://www.siegemedia.com/strategy/content-refresh,analysis by Siege Media(Open Link in new window),2
https://www.siegemedia.com/strategy/ai-writing-statistics,52%가,2
https://www.siegemedia.com/strategy/content-marketing-trends,siegemedia,2
https://www.siegemedia.com/courses/content-marketing,this article,2
https://www.siegemedia.com/strategy/content-marketing-statistics,46% of businesses,2
https://www.siegemedia.com/strategy/content-marketing-trends,66 percent of B2B marketers,2
https://www.siegemedia.com/strategy/content-marketing-statistics,51% of content consumption,2
https://www.siegemedia.com/,Siege Media,2
https://www.siegemedia.com/,Siege,2
https://www.siegemedia.com/marketing/best-time-to-send-cold-email,midweek or earlier,2
https://www.siegemedia.com/strategy/content-marketing-statistics,84%,2
https://www.siegemedia.com/seo/how-to-create-the-best-url-structures,2. How To Create the Best URL Structures for SEO – Siege Media https://www.siegemedia.com/seo/how-to-create-the-best-url-structures,1
https://www.siegemedia.com/strategy/video-marketing-statistics,Artykuły z treściami wideo przyciągają ponad 80% więcej ruchu niż artykuły bez wideo,1
https://www.siegemedia.com/,Siege Media,1
https://www.siegemedia.com/strategy/bounce-rate,Siege Media,1
https://www.siegemedia.com/strategy/what-is-a-content-hub,https://www.siegemedia.com/strategy/what-is-a-content-hub#content-hub-benefits,2
https://www.siegemedia.com/blog,Their blog,1
https://www.siegemedia.com/,Siege Media,1
https://www.siegemedia.com/,Go to Website,1
https://www.siegemedia.com/,Siege Media,1
https://www.siegemedia.com/courses/content-marketing,Bekijk training →,1
https://www.siegemedia.com/embed-code-generator,https://www.siegemedia.com/embed-code-generator,1
https://www.siegemedia.com/strategy/business-blog-examples,Source,1
https://www.siegemedia.com/,Siege Media,1
https://www.siegemedia.com/contrast-ratio,этот инструмент для проверки контраста,1
https://www.siegemedia.com/strategy/content-marketing-statistics,54.5% of businesses,1
https://www.siegemedia.com/,Siege Media,1
http://www.siegemedia.com/strategy/increase-website-traffic,Procure por “edge cases,1
https://www.siegemedia.com/strategy/ai-writing-statistics,AI content generation tools,1
https://www.siegemedia.com/,Siege Media,1
https://www.siegemedia.com/,,1
https://www.siegemedia.com/,Siege Media,1
https://www.siegemedia.com/,https://www.siegemedia.com/,1
https://www.siegemedia.com/embed-code-generator,Siege Media Embed Code Generator Web sitenize görsel veya video gömmek istiyorsanız çeşitli bileşenlerini belirleyerek kodunu hızlıca oluşturabilirsiniz.... Aracı İncele Ücretsiz,1
https://www.siegemedia.com/strategy/bounce-rate,¿Qué es una buena tasa de rebote? [Datos de 2022],1
https://www.siegemedia.com/strategy/content-marketing-statistics,84% of people now expect,1
https://www.siegemedia.com/,Siege Media,1
https://www.siegemedia.com/creation/infographics,https://www.siegemedia.com/creation/infographics,0
https://www.siegemedia.com/contrast-ratio,SiegeMedia Contrast Ratio,0
https://www.siegemedia.com/strategy/content-marketing-statistics,(Source),0
https://www.siegemedia.com/contrast-ratio,Contrast Ratio:,0
https://www.siegemedia.com/strategy/fintech-marketing-strategies,,0
https://www.siegemedia.com/,Siege Media,0
https://www.siegemedia.com/,Siege Media,0
https://www.siegemedia.com/marketing/best-time-to-send-cold-email,start of the week,0
https://www.siegemedia.com/,Siege Media,0
https://www.siegemedia.com/creation/content-creator,Makers van inhoud,0
https://www.siegemedia.com/creation/data-sources,Ross Hudgens,0
https://www.siegemedia.com/contrast-ratio,contraste important,0
https://www.siegemedia.com/,Siege Mediahttps://siegemedia.com,0
https://www.siegemedia.com/strategy/bounce-rate,Siegemedia,0
https://www.siegemedia.com/creation/content-marketing-best-practices,visit this page,0
https://www.siegemedia.com/strategy/fintech-marketing-strategies,SEO optimisation and content marketing,0
https://www.siegemedia.com/marketing/best-time-to-send-cold-email,Badania,0
https://www.siegemedia.com/strategy/content-marketing-trends,February 2024 by Siege Media and Wynter,0
https://www.siegemedia.com/strategy/content-marketing-statistics,nearly 20% of businesses,0
https://www.siegemedia.com/creation/aida-model,Source,0
https://www.siegemedia.com/embed-code-generator,https://www.siegemedia.com/embed-code-generator,0
https://www.siegemedia.com/marketing/advanced-link-reclamation,https://www.siegemedia.com/marketing/advanced-link-reclamation,0
https://www.siegemedia.com/strategy/content-marketing-statistics,statistik content marketing,0
https://www.siegemedia.com/seo/link-building-cost,Image Source,0
https://www.siegemedia.com/seo/content-audit,https://www.siegemedia.com/seo/content-audit,0
https://www.siegemedia.com/embed-code-generator,Siege Media’s Embed Code Generator,0
https://www.siegemedia.com/contrast-ratio,Test layer colors (opens new window),0
https://www.siegemedia.com/creation/best-infographics,100 besten Infografiken,0
https://www.siegemedia.com/strategy/fintech-statistics,majority,0
https://www.siegemedia.com/,Siege Media,0
https://www.siegemedia.com/strategy/content-marketing-trends,83% of content writers and marketers,0
https://www.siegemedia.com/contrast-ratio,contrast-ratio.com,0
https://www.siegemedia.com/blog,https://www.siegemedia.com/blog,0
https://www.siegemedia.com/contrast-ratio,Contrast-ratio.com,0
https://www.siegemedia.com/contrast-ratio,Tool von Lea Verou,0
https://www.siegemedia.com/contrast-ratio,This tool,0
https://www.siegemedia.com/contrast-ratio,acest instrument util,0
https://www.siegemedia.com/strategy/bounce-rate,Siegemedia,0
https://www.siegemedia.com/case-study/seo-case-study,Siege Media,0
https://www.siegemedia.com/,siegemedia.com,0
https://www.siegemedia.com/strategy/content-marketing-statistics,(Siegemedia),0
https://www.siegemedia.com/embed-code-generator,Siegemedia,0
https://www.siegemedia.com/seo/skyscraper-technique,When the Skyscraper Technique Comes Up Short,0
https://www.siegemedia.com/creation/high-converting-content,How to Create High-Converting Content in 2022,0
https://www.siegemedia.com/contrast-ratio,Contrast Ratio by Lea Verou,0
https://www.siegemedia.com/contrast-ratio,contrast ratio tool,0
https://www.siegemedia.com/,https://www.siegemedia.com/,0
https://www.siegemedia.com/,Siege Media,0
https://www.siegemedia.com/creation/blog-post-outline,Source,0
https://www.siegemedia.com/marketing/best-time-to-send-cold-email,Siege Media,0
https://www.siegemedia.com/creation/aida-model,AIDA formula,0
https://www.siegemedia.com/contrast-ratio,contrast-ratio.com,0
https://www.siegemedia.com/contrast-ratio,Contrast Ratio,0
https://www.siegemedia.com/contrast-ratio,contrast-ratio.com,0
https://www.siegemedia.com/contrast-ratio,Contrast-ratio.com,0
https://www.siegemedia.com/embed-code-generator,générateurs de code d'intégration en ligne,0
https://www.siegemedia.com/seo/blog-setup-incorrectly,Por que seu blog está configurado incorretamente para SEO,0
https://www.siegemedia.com/strategy/bounce-rate,SiegeMedia data,0
https://www.siegemedia.com/embed-code-generator,generadores de código de inserción en línea,0
https://www.siegemedia.com/seo/content-strategy,How to Create Content that Converts,0
https://www.siegemedia.com/strategy/content-marketing-statistics,another fun fact,0
https://www.siegemedia.com/contrast-ratio,https://contrast-ratio.com/,0
https://www.siegemedia.com/,Visit Siege Media's website,0
https://www.siegemedia.com/creation/infographics,Mídia de Sítio,0
https://www.siegemedia.com/,Siege Media,0
https://www.siegemedia.com/strategy/content-marketing-statistics,près de 20 % des entreprises,0
https://www.siegemedia.com/,www.siegemedia.com,0
https://www.siegemedia.com/contrast-ratio,Contrast-ratio.com,0
https://www.siegemedia.com/strategy/bounce-rate,siegemedia,0
https://www.siegemedia.com/contrast-ratio,Test color contrast,0
https://www.siegemedia.com/creation/15-content-templates-to-help-scale-quality,forskellige content formater,0
https://www.siegemedia.com/?url=https://hydroxychloroquine1stcom1.blogspot.com/>hydroxychloroquine1stcom1</a> <a href=,hydroxychloroquine1stcom1,4879
https://www.siegemedia.com/?url=https://maxcasixyz.blogspot.com/>maxcasixyz</a> <a href=,maxcasixyz,4879
https://www.siegemedia.com/?url=https://www778771com12.blogspot.com/>www778771com12</a> <a href=,www778771com12,4879
https://www.siegemedia.com/?url=https://charlestonunitedcovidresponseorg.blogspot.com/>charlestonunitedcovidresponseorg</a> <a href=,charlestonunitedcovidresponseorg,4879
https://www.siegemedia.com/?url=https://arhingraphics.blogspot.com/,arhingraphics,4865
https://www.siegemedia.com/?url=https://lockdownfamilygraphicprints.blogspot.com/,lockdownfamilygraphicprints,4865
https://www.siegemedia.com/?url=https://tesstimmgraphicdesigner.blogspot.com/,tesstimmgraphicdesigner,4865
https://www.siegemedia.com/?url=https://cyprusgraphic.blogspot.com/,cyprusgraphic,4865
https://www.siegemedia.com/?url=https://graphicitystudio.blogspot.com/,graphicitystudio,4865
https://www.siegemedia.com/?url=https://graphiccyprus.blogspot.com/,graphiccyprus,4865
https://www.siegemedia.com/?url=https://apropographics.blogspot.com/,apropographics,4865
https://www.siegemedia.com/?url=https://tiredirongraphics.blogspot.com/,tiredirongraphics,4865
https://www.siegemedia.com/?url=https://optidisplaymx123.blogspot.com/>optidisplaymx123</a> <a href=,optidisplaymx123,4868
https://www.siegemedia.com/?url=https://stevmoetat.blogspot.com/>stevmoetat</a> <a href=,stevmoetat,4868
https://www.siegemedia.com/?url=https://lockdownfamilygraphicprints.blogspot.com/,lockdownfamilygraphicprints,4894
https://www.siegemedia.com/?url=https://surveybuilderdev.blogspot.com/>surveybuilderdev</a> <a href=,surveybuilderdev,4868
https://www.siegemedia.com/?url=https://qianbaoduncom.blogspot.com/>qianbaoduncom</a> <a href=,qianbaoduncom,4868
https://www.siegemedia.com/?url=https://apropographics.blogspot.com/,apropographics,4894
https://www.siegemedia.com/?url=https://janumssss.blogspot.com/>janumssss</a> <a href=,janumssss,4868
https://www.siegemedia.com/?url=https://lingeriechiceu.blogspot.com/>lingeriechiceu</a> <a href=,lingeriechiceu,4868
https://www.siegemedia.com/?url=https://ideapsicologies12.blogspot.com/>ideapsicologies12</a> <a href=,ideapsicologies12,4868
https://www.siegemedia.com/?url=https://viagratotakecom.blogspot.com/>viagratotakecom</a> <a href=,viagratotakecom,4868
https://www.siegemedia.com/?url=https://purocachanillamx.blogspot.com/>purocachanillamx</a> <a href=,purocachanillamx,4868
https://www.siegemedia.com/?url=https://xitingfr123.blogspot.com/>xitingfr123</a> <a href=,xitingfr123,4868
https://www.siegemedia.com/?url=https://cyprusgraphic.blogspot.com/,cyprusgraphic,4894
https://www.siegemedia.com/?url=https://viagrasnowcom1.blogspot.com/>viagrasnowcom1</a> <a href=,viagrasnowcom1,4868
https://www.siegemedia.com/?url=https://arhingraphics.blogspot.com/,arhingraphics,4894
https://www.siegemedia.com/?url=https://sdtshq798com.blogspot.com/>sdtshq798com</a> <a href=,sdtshq798com,4868
https://www.siegemedia.com/?url=https://tiredirongraphics.blogspot.com/,tiredirongraphics,4894
https://www.siegemedia.com/?url=https://graphiccyprus.blogspot.com/,graphiccyprus,4894
https://www.siegemedia.com/?url=https://propeciafcom.blogspot.com/>propeciafcom</a> <a href=,propeciafcom,4868
https://www.siegemedia.com/?url=https://tesstimmgraphicdesigner.blogspot.com/,tesstimmgraphicdesigner,4894
https://www.siegemedia.com/?url=https://graphicitystudio.blogspot.com/,graphicitystudio,4894
https://www.siegemedia.com/?url=https://micream123.blogspot.com/>micream123</a> <a href=,micream123,4868
https://www.siegemedia.com/?url=https://knyghtgraphics.blogspot.com/,knyghtgraphics,4828
https://www.siegemedia.com/?url=https://graphicwale97.blogspot.com/,graphicwale97,4828
https://www.siegemedia.com/?url=https://advantagemediagraphics.blogspot.com/,advantagemediagraphics,4828
https://www.siegemedia.com/?url=https://maxmediagraphicstudio.blogspot.com/,maxmediagraphicstudio,4828
https://www.siegemedia.com/?url=https://graphiccypher.blogspot.com/,graphiccypher,4828
https://www.siegemedia.com/?url=https://graphicsvideo9102.blogspot.com/,graphicsvideo9102,4828
https://www.siegemedia.com/?url=https://alphagraphics735.blogspot.com/,alphagraphics735,4828
https://www.siegemedia.com/?url=https://alfaxpressgraphics35.blogspot.com/,alfaxpressgraphics35,4828
https://www.siegemedia.com/?url=https://alfaxpressgraphic.blogspot.com/,alfaxpressgraphic,4828
https://www.siegemedia.com/?url=https://christiangraphicdesigns.blogspot.com/,christiangraphicdesigns,4828
https://www.siegemedia.com/?url=https://lajonesgraphics.blogspot.com/,lajonesgraphics,4828
https://www.siegemedia.com/?url=https://heregraphicdesigners.blogspot.com/,heregraphicdesigners,4828
https://www.siegemedia.com/?url=https://challengegraphics.blogspot.com/,challengegraphics,4828
https://www.siegemedia.com/?url=https://alphagraphics735.blogspot.com/,alphagraphics735,4793
https://www.siegemedia.com/?url=https://lockdownfamilygraphicprints.blogspot.com/,lockdownfamilygraphicprints,4793
https://www.siegemedia.com/?url=https://lajonesgraphics.blogspot.com/,lajonesgraphics,4793
https://www.siegemedia.com/?url=https://tesstimmgraphicdesigner.blogspot.com/,tesstimmgraphicdesigner,4793
https://www.siegemedia.com/?url=https://tiredirongraphics.blogspot.com/,tiredirongraphics,4793
https://www.siegemedia.com/?url=https://graphiccypher.blogspot.com/,graphiccypher,4793
https://www.siegemedia.com/?url=https://cyprusgraphic.blogspot.com/,cyprusgraphic,4793
https://www.siegemedia.com/?url=https://heregraphicdesigners.blogspot.com/,heregraphicdesigners,4793
https://www.siegemedia.com/?url=https://knyghtgraphics.blogspot.com/,knyghtgraphics,4793
https://www.siegemedia.com/?url=https://graphiccyprus.blogspot.com/,graphiccyprus,4793
https://www.siegemedia.com/?url=https://graphicitystudio.blogspot.com/,graphicitystudio,4793
https://www.siegemedia.com/?url=https://alfaxpressgraphic.blogspot.com/,alfaxpressgraphic,4793
https://www.siegemedia.com/?url=https://arhingraphics.blogspot.com/,arhingraphics,4793
https://www.siegemedia.com/?url=https://challengegraphics.blogspot.com/,challengegraphics,4793
https://www.siegemedia.com/?url=https://alfaxpressgraphics35.blogspot.com/,alfaxpressgraphics35,4793
https://www.siegemedia.com/?url=https://maxmediagraphicstudio.blogspot.com/,maxmediagraphicstudio,4793
https://www.siegemedia.com/?url=https://apropographics.blogspot.com/,apropographics,4793
https://www.siegemedia.com/?url=https://abegen1.blogspot.com/,abegen1,3668
https://www.siegemedia.com/?url=https://beginnersdrumset.blogspot.com/,beginnersdrumset,3668
https://www.siegemedia.com/?url=https://yogabeginnerguide4.blogspot.com/,yogabeginnerguide4,3668
https://www.siegemedia.com/?url=https://anewbeginningconstruction2.blogspot.com/,anewbeginningconstruction2,3668
https://www.siegemedia.com/?url=https://yadbegirr.blogspot.com/,yadbegirr,3668
https://www.siegemedia.com/?url=https://appbeginner3.blogspot.com/,appbeginner3,3668
https://www.siegemedia.com/?url=https://levelbagsshoes.blogspot.com/,levelbagsshoes,3654
https://www.siegemedia.com/?url=https://handbag46.blogspot.com/,handbag46,3654
https://www.siegemedia.com/?url=https://obagi656.blogspot.com/,obagi656,3654
https://www.siegemedia.com/?url=https://automationfood.blogspot.com/,automationfood,3362
https://www.siegemedia.com/?url=https://farmandfoodacademy.blogspot.com/,farmandfoodacademy,3362
https://www.siegemedia.com/?url=https://automationfood.blogspot.com/,automationfood,3071
https://www.siegemedia.com/?url=https://japanesefoodandrecipes35.blogspot.com/,japanesefoodandrecipes35,3071
https://www.siegemedia.com/,1GXkATXH706xyrX,2860
https://www.siegemedia.com/contrast-ratio,bLtUfESpHBoSLhi,2860
https://www.siegemedia.com/contrast-ratio,QJyZmoRZCSUFqFO,2864
https://www.siegemedia.com/creation/content-creator,content creators,2440
https://www.siegemedia.com/contrast-ratio,68PB4vqF3eDScdE,2637
https://www.siegemedia.com/,xv2V9to6wfO4s6f,2637
https://www.siegemedia.com/,UCdmiGLSeCvGP9n,2563
https://www.siegemedia.com/contrast-ratio,Contrast Ratio,2119
https://www.siegemedia.com/,Learn About Siege Media,1887
https://www.siegemedia.com/contrast-ratio,,1711
https://www.siegemedia.com/marketing/short-form-text,As defined,932
https://www.siegemedia.com/embed-code-generator,https://www.siegemedia.com/embed-code-generator,977
https://www.siegemedia.com/strategy/2x-content-not-10x-content,Why You Need 2x Content Not 10x Content,0
https://www.siegemedia.com/,UCdmiGLSeCvGP9n,973
