best_position_url,keyword,volume,best_position,keyword_difficulty
https://www.siegemedia.com/strategy/best-b2b-marketing-agencies,b2b marketing agency,8900,2,22
https://www.siegemedia.com/strategy/best-content-marketing-agencies,content marketing agency,4400,3,32
https://www.siegemedia.com/contrast-ratio,contrast ratio,2000,1,75
https://www.siegemedia.com/,siege,48000,7,79
https://www.siegemedia.com/creation/content-creator,content creator,30000,10,52
https://www.siegemedia.com/strategy/best-content-creation-services,content creation agency,1700,2,5
https://www.siegemedia.com/strategy/best-content-marketing-agencies,content marketing services,4000,3,18
https://www.siegemedia.com/strategy/best-seo-services,best seo service,1000,1,62
https://www.siegemedia.com/creation/content-creator,what is a content creator,4500,3,45
https://www.siegemedia.com/creation/blog-post-templates,blog post template,1900,3,43
https://www.siegemedia.com/strategy/best-link-building-services,link building agency,2700,3,47
https://www.siegemedia.com/seo/pricing,seo prices,600,1,45
https://www.siegemedia.com/strategy/best-content-creation-services,content creation services,900,1,6
https://www.siegemedia.com/strategy/best-link-building-services,link building services,2500,4,53
https://www.siegemedia.com/seo/b2b-seo-agencies,b2b seo agency,2400,3,13
https://www.siegemedia.com/strategy/business-blog-examples,blog examples,4800,5,21
https://www.siegemedia.com/strategy/best-seo-services,seo marketing agency,3800,7,78
https://www.siegemedia.com/strategy/best-content-marketing-agencies,best content marketing agencies,700,1,19
https://www.siegemedia.com/strategy/best-digital-pr-services,digital pr agency,600,1,15
https://www.siegemedia.com/embed-code-generator,embed code generator,1200,3,64
https://www.siegemedia.com/strategy/best-b2b-marketing-agencies,b2b digital marketing agency,2300,4,25
https://www.siegemedia.com/creation/best-content-management-systems,best content management system,600,1,33
https://www.siegemedia.com/creation/content-creator,content creation,9800,9,69
https://www.siegemedia.com/strategy/best-link-building-services,seo link building services,1700,3,58
https://www.siegemedia.com/strategy/business-blog-examples,business blogs,700,2,17
https://www.siegemedia.com/embed-code-generator,embed code,1700,3,44
https://www.siegemedia.com/strategy/best-link-building-services,backlink building service,1600,3,60
https://www.siegemedia.com/strategy/best-content-marketing-agencies,digital content marketing agency,450,1,35
https://www.siegemedia.com/seo/pricing,seo rates,450,1,44
https://www.siegemedia.com/marketing/what-is-digital-pr,digital pr,3300,6,36
https://www.siegemedia.com/strategy/best-seo-services,seo agencies,5200,8,72
https://www.siegemedia.com/seo/pricing,seo price,600,1,51
https://www.siegemedia.com/seo/b2b-seo-agencies,b2b seo services,1000,3,11
https://www.siegemedia.com/strategy/best-fintech-marketing-agencies,fintech marketing agency,400,1,12
https://www.siegemedia.com/strategy/business-blog-examples,business blog,1100,3,59
https://www.siegemedia.com/strategy/best-content-marketing-agencies,marketing agencies,3600,8,15
https://www.siegemedia.com/strategy/best-b2b-content-marketing-agencies,b2b content marketing services,400,1,35
https://www.siegemedia.com/seo/best-enterprise-seo-agencies,enterprise seo company,1800,5,12
https://www.siegemedia.com/creation/best-content-writing-services,best content writing services,350,1,18
https://www.siegemedia.com/strategy/best-content-marketing-agencies,content marketing company,1000,3,71
https://www.siegemedia.com/strategy/best-content-marketing-agencies,content marketing companies,1200,4,19
https://www.siegemedia.com/,seo content marketing agency,300,1,71
https://www.siegemedia.com/seo/pricing,seo pricing,1300,4,54
https://www.siegemedia.com/seo/common-seo-mistakes,common seo mistakes,300,1,27
https://www.siegemedia.com/strategy/best-seo-services,best seo marketing companies,700,2,58
https://www.siegemedia.com/strategy/best-link-building-services,link building company,1700,6,48
https://www.siegemedia.com/marketing/link-building-strategies,linkbuilding tips,300,1,72
https://www.siegemedia.com/strategy/content-strategy-template,content strategy template,1400,6,19
https://www.siegemedia.com/strategy/best-b2b-content-marketing-agencies,b2b content marketing agency,600,2,41
https://www.siegemedia.com/strategy/best-seo-services,seo marketing firm,1100,5,72
https://www.siegemedia.com/seo/best-enterprise-seo-agencies,professional seo agency,1100,4,67
https://www.siegemedia.com/seo/pricing,seo services pricing,1100,4,52
https://www.siegemedia.com/seo/best-enterprise-seo-agencies,enterprise seo agency,1700,6,15
https://www.siegemedia.com/seo/content-strategy,seo content marketing,1300,5,49
https://www.siegemedia.com/strategy/best-seo-services,professional seo company,1300,6,61
https://www.siegemedia.com/strategy/best-seo-services,seo marketing company,1500,8,77
https://www.siegemedia.com/creation/content-creator,content creator meaning,800,3,56
https://www.siegemedia.com/strategy/best-b2b-marketing-agencies,b2b marketing services,800,3,34
https://www.siegemedia.com/strategy/best-link-building-services,backlink building services,800,3,59
https://www.siegemedia.com/strategy/best-b2b-marketing-agencies,b2b marketing companies,600,2,14
https://www.siegemedia.com/strategy/best-content-marketing-agencies,content strategy agency,600,2,7
https://www.siegemedia.com/strategy/best-content-marketing-agencies,content marketing firm,600,2,21
https://www.siegemedia.com/strategy/content-marketing-statistics,content marketing statistics,600,2,81
https://www.siegemedia.com/strategy/best-link-building-services,best backlink service,1100,5,41
https://www.siegemedia.com/creation/hyphen-guide,hyphenated,7500,6,17
https://www.siegemedia.com/marketing/link-building-strategies,link building outreach,1400,6,36
https://www.siegemedia.com/seo/what-is-link-building,seo link building,3300,9,89
https://www.siegemedia.com/creation/best-infographics,best infographics,300,2,33
https://www.siegemedia.com/seo/best-enterprise-seo-agencies,enterprise seo solutions,1300,6,12
https://www.siegemedia.com/strategy/best-seo-services,seo strategy company,200,1,67
https://www.siegemedia.com/strategy/best-content-creation-services,content creation service,200,1,6
https://www.siegemedia.com/seo/best-enterprise-seo-agencies,enterprise seo firms,450,2,10
https://www.siegemedia.com/creation/best-content-management-systems,content management system examples,1300,5,44
https://www.siegemedia.com/strategy/evergreen-content,evergreen content examples,200,1,30
https://www.siegemedia.com/seo/best-enterprise-seo-agencies,top enterprise seo company,200,1,11
https://www.siegemedia.com/strategy/best-seo-services,seo provider,800,4,72
https://www.siegemedia.com/seo/content-strategy,seo content strategy,1500,8,28
https://www.siegemedia.com/strategy/best-b2b-marketing-agencies,b2b agency,600,3,65
https://www.siegemedia.com/seo/best-enterprise-seo-agencies,enterprise seo services,1800,8,22
https://www.siegemedia.com/strategy/content-marketing-statistics,marketing statistics,500,2,81
https://www.siegemedia.com/services/seo,technical seo services,2200,9,10
https://www.siegemedia.com/seo/financial-services,seo for financial services,600,3,3
https://www.siegemedia.com/,seo content company,200,1,75
https://www.siegemedia.com/seo/best-enterprise-seo-agencies,top enterprise seo companies,200,1,5
https://www.siegemedia.com/seo/pricing,seo rate,200,1,52
https://www.siegemedia.com/creation/best-content-writing-services,content writing agency,900,5,58
https://www.siegemedia.com/strategy/best-seo-services,seo optimization company,1300,7,72
https://www.siegemedia.com/strategy/best-seo-services,seo marketing services,1000,7,73
https://www.siegemedia.com/services/seo,technical seo service,1600,8,9
https://www.siegemedia.com/strategy/content-marketing-examples,content marketing examples,1100,7,45
https://www.siegemedia.com/seo/best-enterprise-seo-agencies,best enterprise seo company,150,1,6
https://www.siegemedia.com/seo/best-enterprise-seo-agencies,top enterprise seo,150,1,4
https://www.siegemedia.com/creation/content-creator,of content creator,150,1,58
https://www.siegemedia.com/strategy/best-b2b-content-marketing-agencies,content marketing service,800,5,32
https://www.siegemedia.com/strategy/best-seo-services,seo ranking services,700,5,77
https://www.siegemedia.com/strategy/best-content-marketing-agencies,content agency,1600,7,57
https://www.siegemedia.com/seo/pricing,seo services price,400,3,52
https://www.siegemedia.com/marketing/link-building-strategies,link building strategies,800,5,79
https://www.siegemedia.com/seo/most-popular-keywords,most searched words,700,5,49
https://www.siegemedia.com/creation/content-creator,content creators,1800,5,57
https://www.siegemedia.com/creation/content-creator,marketing content creator,150,1,27
https://www.siegemedia.com/seo/b2b-seo-agencies,b2b seo company,600,4,9
https://www.siegemedia.com/creation/seo-content-writing-services,seo content writing services,700,5,7
https://www.siegemedia.com/creation/blog-title-examples,blog titles,300,3,30
https://www.siegemedia.com/,content marketing agency seo,250,1,60
https://www.siegemedia.com/strategy/best-saas-content-marketing-agency,saas content marketing agency,300,2,26
https://www.siegemedia.com/strategy/best-content-marketing-agencies,top content marketing agencies,450,3,16
https://www.siegemedia.com/services/link-building,link building packages,900,6,46
https://www.siegemedia.com/seo/best-enterprise-seo-agencies,best enterprise seo agency,150,1,8
https://www.siegemedia.com/seo/pricing,seo cost,900,4,58
https://www.siegemedia.com/strategy/best-seo-services,seo service provider,1100,7,74
https://www.siegemedia.com/strategy/best-digital-pr-services,online pr services,150,1,15
https://www.siegemedia.com/creation/content-strategy-examples,content strategy example,500,5,38
https://www.siegemedia.com/seo/the-most-common-words-in-high-ranking-title-tags,best tag words,150,1,38
https://www.siegemedia.com/creation/seo-content-writing-services,seo content services,700,5,8
https://www.siegemedia.com/strategy/enterprise-content-marketing-strategy,enterprise content marketing,150,1,8
https://www.siegemedia.com/strategy/business-blog-examples,blog post examples,2300,9,20
https://www.siegemedia.com/seo/pricing,seo costs,800,4,58
https://www.siegemedia.com/creation/animated-infographics,animated infographics,150,1,25
https://www.siegemedia.com/seo/most-popular-keywords,best search terms,150,1,67
https://www.siegemedia.com/creation/hyphen-guide,little to no or little-to-no,150,1,0
https://www.siegemedia.com/strategy/best-seo-services,service seo,1000,7,66
https://www.siegemedia.com/strategy/best-b2b-content-marketing-agencies,b2b content marketing agencies,150,1,10
https://www.siegemedia.com/strategy/best-content-marketing-agencies,best content marketing companies,450,3,16
https://www.siegemedia.com/creation/hyphen-guide,hyphen vs dash,5800,4,12
https://www.siegemedia.com/seo/pricing,seo package pricing,400,3,52
https://www.siegemedia.com/creation/hyphen-guide,best in class or best-in-class,150,1,0
https://www.siegemedia.com/seo/best-enterprise-seo-agencies,enterprise seo companies,350,3,10
https://www.siegemedia.com/strategy/best-seo-services,seo services provider,800,6,62
https://www.siegemedia.com/seo/pricing,how much does seo cost,1000,6,47
https://www.siegemedia.com/strategy/best-digital-pr-services,digital pr company,200,1,30
https://www.siegemedia.com/strategy/best-content-creation-services,content creation companies,500,4,4
https://www.siegemedia.com/creation/aida-model,aida model,3500,9,58
https://www.siegemedia.com/creation/best-content-management-systems,content management tools,500,3,40
https://www.siegemedia.com/marketing/link-building-strategies,linkbuilden tips,150,1,67
https://www.siegemedia.com/marketing/cold-email-subject-lines,best subject lines for cold emails,400,3,12
https://www.siegemedia.com/strategy/best-seo-services,professional seo firm,400,4,60
https://www.siegemedia.com/strategy/best-b2b-marketing-agencies,business to business marketing agency,400,4,14
https://www.siegemedia.com/strategy/best-seo-services,seo marketing companies,1000,9,72
https://www.siegemedia.com/strategy/best-seo-services,search optimization companies,700,6,55
https://www.siegemedia.com/strategy/best-content-marketing-agencies,best content marketing agency,300,2,16
https://www.siegemedia.com/strategy/best-link-building-services,seo link building service,450,4,60
https://www.siegemedia.com/seo/best-enterprise-seo-agencies,seo for agencies,300,3,46
https://www.siegemedia.com/seo/most-popular-keywords,top keywords,600,5,79
https://www.siegemedia.com/strategy/best-content-marketing-agencies,agencja content marketing,100,1,47
https://www.siegemedia.com/strategy/best-seo-services,seo provider services,100,1,67
https://www.siegemedia.com/strategy/best-digital-pr-services,digital pr agencies,200,1,10
https://www.siegemedia.com/,seo content agency,300,2,22
https://www.siegemedia.com/strategy/best-b2b-marketing-agencies,b2b digital marketing company,350,4,30
https://www.siegemedia.com/strategy/wordpress-seo-agency,wordpress seo agency,600,5,7
https://www.siegemedia.com/seo/pricing,seo agency pricing,450,4,50
https://www.siegemedia.com/creation/content-creator,what is content creation,800,4,55
https://www.siegemedia.com/seo/pricing,seo fees,350,3,54
https://www.siegemedia.com/strategy/business-blog-examples,business blog examples,100,1,25
https://www.siegemedia.com/seo/b2b-seo-agencies,b2b seo solutions,350,4,15
https://www.siegemedia.com/marketing/link-building-strategies,link building tips,300,2,67
https://www.siegemedia.com/,seo content marketing services,250,2,17
https://www.siegemedia.com/strategy/best-content-creation-services,digital content creation services,100,1,6
https://www.siegemedia.com/strategy/best-seo-services,seo strategy services,300,3,58
https://www.siegemedia.com/marketing/creative-content,creative content marketing,450,4,11
https://www.siegemedia.com/marketing/creative-content,creative marketing,2100,8,38
https://www.siegemedia.com/,seo and content marketing agency,100,1,32
https://www.siegemedia.com/seo/b2b-seo-agencies,b2b seo,1300,9,25
https://www.siegemedia.com/creation/content-creator,what does a content creator do,350,3,49
https://www.siegemedia.com/seo/pricing,seo package prices,600,6,44
https://www.siegemedia.com/creation/best-infographics,best infographic,150,1,31
https://www.siegemedia.com/creation/hyphen-guide,hyphenate,2800,5,10
https://www.siegemedia.com/seo/financial-services,financial services seo,350,3,3
https://www.siegemedia.com/strategy/best-content-marketing-agencies,content marketing agencies,1200,12,6
https://www.siegemedia.com/creation/hyphen-guide,is step by step hyphenated,100,1,0
https://www.siegemedia.com/seo/best-enterprise-seo-agencies,top enterprise seo agency,100,1,10
https://www.siegemedia.com/strategy/best-seo-services,seo providers,400,4,69
https://www.siegemedia.com/seo/best-enterprise-seo-agencies,best enterprise seo,250,2,12
https://www.siegemedia.com/strategy/best-seo-services,seo marketing service,500,6,67
https://www.siegemedia.com/strategy/best-digital-pr-services,digital pr services,700,7,10
https://www.siegemedia.com/seo/b2b-seo-agencies,b2b seo agentur,100,1,6
https://www.siegemedia.com/strategy/best-link-building-services,link building services for seo agencies,250,3,53
https://www.siegemedia.com/strategy/best-b2b-content-marketing-agencies,b2b content marketing agentur,100,1,17
https://www.siegemedia.com/strategy/keyword-research,keyword research and strategy,100,1,80
https://www.siegemedia.com/strategy/best-b2b-marketing-agencies,digital marketing agency for b2b,300,3,24
https://www.siegemedia.com/strategy/best-content-marketing-agencies,agentur content marketing,100,1,17
https://www.siegemedia.com/marketing/diversity-equity-inclusion,dei marketing,100,1,5
https://www.siegemedia.com/creation/interactive-content,interactive content,500,5,33
https://www.siegemedia.com/services/copywriting,copywriting services,1700,12,7
https://www.siegemedia.com/strategy/best-b2b-content-marketing-agencies,b2b content creation agency,90,1,8
https://www.siegemedia.com/strategy/best-link-building-services,link building services packages,1100,10,50
https://www.siegemedia.com/strategy/business-blog-examples,blog example,800,6,27
https://www.siegemedia.com/strategy/best-content-marketing-agencies,content strategy agencies,90,1,9
https://www.siegemedia.com/contrast-ratio,contrast ratio calculator,90,1,57
https://www.siegemedia.com/strategy/best-seo-services,seo services agency,700,7,74
https://www.siegemedia.com/strategy/best-link-building-services,professional link building services,300,4,55
https://www.siegemedia.com/embed-code-generator,create embed code,150,3,16
https://www.siegemedia.com/seo/best-enterprise-seo-agencies,top enterprise seo firm,90,1,9
https://www.siegemedia.com/seo/pricing,how much to charge for seo,90,1,55
https://www.siegemedia.com/strategy/best-b2b-content-marketing-agencies,b2b tech content marketing agency,90,1,26
https://www.siegemedia.com/strategy/best-content-marketing-agencies,content marketing agency services,400,5,28
https://www.siegemedia.com/creation/hyphen-guide,hyphen,102000,23,50
https://www.siegemedia.com/seo/pricing,cost of seo,500,6,57
https://www.siegemedia.com/strategy/best-content-creation-services,seo content creation services,150,2,8
https://www.siegemedia.com/strategy/content-marketing-examples,best content marketing,350,4,24
https://www.siegemedia.com/marketing/outreach-email-template,outreach email,500,5,18
https://www.siegemedia.com/strategy/best-seo-services,top seo companies,2000,6,57
https://www.siegemedia.com/seo/most-popular-keywords,most popular keywords,200,5,55
https://www.siegemedia.com/marketing/link-building-strategies,types of link building strategies,90,1,65
https://www.siegemedia.com/creation/content-creator,whats a content creator,250,3,55
https://www.siegemedia.com/creation/content-marketing-best-practices,content marketing best practices,250,3,65
https://www.siegemedia.com/seo/what-is-link-building,seo link,500,7,91
https://www.siegemedia.com/seo/most-popular-keywords,top ranking keywords,200,2,61
https://www.siegemedia.com/strategy/best-seo-services,seo service online,600,7,71
https://www.siegemedia.com/strategy/best-link-building-services,seo link building agency,800,8,47
https://www.siegemedia.com/strategy/best-seo-services,seo service provider company,250,4,72
https://www.siegemedia.com/strategy/best-content-marketing-agencies,digital content agency,250,3,63
https://www.siegemedia.com/seo/pricing,seo packages prices,350,4,42
https://www.siegemedia.com/creation/best-infographics,good infographics,350,2,52
https://www.siegemedia.com/strategy/best-content-marketing-agencies,content agencies,250,3,18
https://www.siegemedia.com/strategy/best-b2b-marketing-agencies,b2b marketing company,400,6,52
https://www.siegemedia.com/creation/best-content-management-systems,content management tool,250,3,45
https://www.siegemedia.com/strategy/best-content-creation-services,content creator agency,300,4,4
https://www.siegemedia.com/strategy/best-content-creation-services,content creation company,400,5,4
https://www.siegemedia.com/strategy/best-link-building-services,seo backlink services,800,8,63
https://www.siegemedia.com/contrast-ratio,contrast ratio checker,300,4,79
https://www.siegemedia.com/creation/best-infographics,fun infographics,150,1,33
https://www.siegemedia.com/strategy/best-seo-services,ranking seo services,250,4,65
https://www.siegemedia.com/strategy/best-content-creation-services,best content creation services,80,1,8
https://www.siegemedia.com/strategy/best-seo-services,seo management company,800,8,71
https://www.siegemedia.com/creation/interactive-content,interactive content examples,80,1,50
https://www.siegemedia.com/creation/content-creator,digital content creator,1500,8,24
https://www.siegemedia.com/strategy/best-link-building-services,best link building service,400,5,49
https://www.siegemedia.com/strategy/best-digital-pr-services,digital pr companies,80,1,10
https://www.siegemedia.com/contrast-ratio,color ratio,80,1,75
https://www.siegemedia.com/creation/content-creator,content creatie,250,3,54
https://www.siegemedia.com/strategy/content-marketing-roi,content marketing roi,500,6,24
https://www.siegemedia.com/creation/blog-post-outline,blog post outline,250,7,16
https://www.siegemedia.com/marketing/outreach-email-template,outreach email templates,200,2,22
https://www.siegemedia.com/strategy/best-seo-services,seo strategy agency,400,5,68
https://www.siegemedia.com/seo/b2b-seo-agencies,b2b seo expert,80,1,10
https://www.siegemedia.com/strategy/best-content-marketing-agencies,content marketing consultancy,200,2,12
https://www.siegemedia.com/strategy/best-b2b-marketing-agencies,b2b creative agency,250,3,52
https://www.siegemedia.com/marketing/digital-pr-examples,digital pr campaign,80,1,8
https://www.siegemedia.com/seo/b2b-seo-agencies,best b2b seo firm,80,1,3
https://www.siegemedia.com/seo/pricing,seo service cost,250,3,62
https://www.siegemedia.com/strategy/best-fintech-marketing-agencies,fintech digital marketing agency,200,2,13
https://www.siegemedia.com/seo/pricing,seo service price,200,3,54
https://www.siegemedia.com/strategy/best-content-marketing-agencies,agenzia content marketing,80,1,22
https://www.siegemedia.com/creation/seo-content-writing-services,seo writing services,450,6,8
https://www.siegemedia.com/strategy/evergreen-content,what is evergreen content,800,6,62
https://www.siegemedia.com/strategy/best-b2b-marketing-agencies,b2b marketing agencies,350,5,12
https://www.siegemedia.com/seo/what-is-link-building,wat is link building,80,1,81
https://www.siegemedia.com/strategy/best-seo-services,seo service companies,350,5,76
https://www.siegemedia.com/strategy/best-digital-pr-services,online pr agency,250,3,12
https://www.siegemedia.com/seo/most-popular-keywords,list of keywords,250,4,46
https://www.siegemedia.com/seo/pricing,cost seo,300,5,57
https://www.siegemedia.com/strategy/best-link-building-services,backlink services,1100,10,56
https://www.siegemedia.com/seo/most-popular-keywords,most searched keywords,350,5,46
https://www.siegemedia.com/,content marketing agency san diego,70,1,68
https://www.siegemedia.com/marketing/digital-pr-examples,digital pr campaigns,70,1,8
https://www.siegemedia.com/strategy/content-marketing-trends,seo and content marketing trends,70,1,41
https://www.siegemedia.com/strategy/best-content-marketing-agencies,agence content,70,1,11
https://www.siegemedia.com/strategy/best-fintech-marketing-agencies,fintech content marketing agency,70,1,25
https://www.siegemedia.com/marketing/outreach-email-template,outreach email template,200,2,22
https://www.siegemedia.com/creation/content-creator,what is content creator,300,4,55
https://www.siegemedia.com/creation/best-content-writing-services,premium content writing services,70,1,53
https://www.siegemedia.com/creation/hyphen-guide,is cutting edge hyphenated,150,1,0
https://www.siegemedia.com/strategy/best-link-building-services,best backlinks service,200,3,35
https://www.siegemedia.com/strategy/evergreen-content,evergreen content ideas,70,1,17
https://www.siegemedia.com/marketing/what-is-digital-pr,digital public relations,300,4,18
https://www.siegemedia.com/strategy/best-seo-services,best search engine optimization company,800,9,68
https://www.siegemedia.com/strategy/best-seo-services,seo management services,800,9,59
https://www.siegemedia.com/strategy/best-digital-pr-services,digital pr firms,70,1,8
https://www.siegemedia.com/creation/best-content-writing-services,best content writing company,70,1,8
https://www.siegemedia.com/creation/best-content-writing-services,content writing company,350,5,58
https://www.siegemedia.com/strategy/best-content-marketing-agencies,content marketing firms,150,2,21
https://www.siegemedia.com/seo/best-enterprise-seo-agencies,enterprise seo consultant,400,6,3
https://www.siegemedia.com/strategy/best-seo-services,top seo agencies,700,8,59
https://www.siegemedia.com/seo/best-enterprise-seo-agencies,enterprise seo marketing company,200,3,7
https://www.siegemedia.com/strategy/best-seo-services,top seo agency,1000,10,64
https://www.siegemedia.com/strategy/content-marketing-examples,marketing examples,1900,10,45
https://www.siegemedia.com/embed-code-generator,embed generator,350,7,45
https://www.siegemedia.com/,seo and content agency,70,1,67
https://www.siegemedia.com/strategy/best-content-creation-services,content development services,200,3,2
https://www.siegemedia.com/strategy/best-content-creation-services,content creation agencies,300,5,5
https://www.siegemedia.com/seo/pricing,seo packages pricing,200,4,50
https://www.siegemedia.com/creation/jasper-ai-review,jasper ai,26000,25,15
https://www.siegemedia.com/strategy/best-fintech-marketing-agencies,marketing agency for fintech,70,1,12
https://www.siegemedia.com/strategy/best-link-building-services,backlink service,2300,14,59
https://www.siegemedia.com/strategy/best-content-marketing-agencies,best content marketing company,70,1,13
https://www.siegemedia.com/strategy/best-b2b-content-marketing-agencies,b2b content marketing consultant,70,1,12
https://www.siegemedia.com/creation/hyphen-guide,face to face hyphenated,70,1,3
https://www.siegemedia.com/strategy/best-b2b-content-marketing-agencies,b2b content agency,200,3,26
https://www.siegemedia.com/marketing/creative-content,content ideas,1600,12,60
https://www.siegemedia.com/strategy/best-link-building-services,backlink building agency,500,7,48
https://www.siegemedia.com/creation/content-marketing-cost,content marketing pricing,60,1,4
https://www.siegemedia.com/strategy/best-b2b-marketing-agencies,top b2b digital marketing agencies,60,1,23
https://www.siegemedia.com/strategy/business-blog-examples,blog for business,60,1,61
https://www.siegemedia.com/strategy/business-blog-examples,company blog,60,1,40
https://www.siegemedia.com/marketing/link-building-strategies,best link building,60,1,65
https://www.siegemedia.com/careers,siege media careers,60,1,7
https://www.siegemedia.com/seo/most-popular-keywords,most searched keywords on google,250,5,50
https://www.siegemedia.com/strategy/best-content-marketing-agencies,marketing strategy agency,900,10,34
https://www.siegemedia.com/creation/hyphen-guide,little to no,450,3,0
https://www.siegemedia.com/strategy/content-marketing-statistics,content marketing stats,150,2,79
https://www.siegemedia.com/seo/common-seo-mistakes,common seo problems,100,1,25
https://www.siegemedia.com/creation/animated-infographics,animated infographic examples,60,1,6
https://www.siegemedia.com/strategy/what-is-a-content-hub,what is a content hub,60,1,26
https://www.siegemedia.com/strategy/evergreen-content,evergreen stories,60,1,25
https://www.siegemedia.com/creation/blog-title-examples,blog post titles,60,1,37
https://www.siegemedia.com/strategy/best-seo-services,seo digital marketing agency,1100,11,80
https://www.siegemedia.com/seo/most-popular-keywords,most searched word on google,500,6,64
https://www.siegemedia.com/strategy/best-b2b-content-marketing-agencies,b2b content marketing,1900,14,30
https://www.siegemedia.com/marketing/what-is-digital-pr,pr digital,200,4,18
https://www.siegemedia.com/marketing/outreach-email-template,blogger outreach email template,60,1,26
https://www.siegemedia.com/strategy/best-b2b-content-marketing-agencies,b2b content marketing service,60,1,14
https://www.siegemedia.com/contrast-ratio,wcag contrast ratio,60,1,87
https://www.siegemedia.com/strategy/best-link-building-services,affordable link building services,200,3,36
https://www.siegemedia.com/creation/blog-post-outline,how to write a blog post outline,250,4,18
https://www.siegemedia.com/strategy/best-b2b-marketing-agencies,b2b marketing bureau,150,2,60
https://www.siegemedia.com/strategy/best-b2b-marketing-agencies,b2b digital agency,300,5,60
https://www.siegemedia.com/seo/content-strategy,seo content marketing strategy,450,7,39
https://www.siegemedia.com/strategy/best-b2b-marketing-agencies,agencia marketing b2b,200,3,44
https://www.siegemedia.com/services/seo,technical seo consultant,450,7,10
https://www.siegemedia.com/seo/best-enterprise-seo-agencies,best enterprise seo companies,200,3,5
https://www.siegemedia.com/creation/seo-content-writing-services,seo friendly content writing services,150,2,7
https://www.siegemedia.com/strategy/best-seo-services,seo firm,2500,12,74
https://www.siegemedia.com/seo/best-enterprise-seo-agencies,seo for enterprise companies,200,3,16
https://www.siegemedia.com/strategy/best-content-marketing-agencies,contentmarketing agentur,60,1,29
https://www.siegemedia.com/strategy/best-content-creation-services,social media content creation services,200,3,3
https://www.siegemedia.com/creation/aida-model,copywriting aida,60,1,10
https://www.siegemedia.com/strategy/best-content-marketing-agencies,content marketing agencja,60,1,34
https://www.siegemedia.com/seo/best-enterprise-seo-agencies,best enterprise seo firm,200,3,6
https://www.siegemedia.com/strategy/best-b2b-marketing-agencies,b2b online marketing agency,150,3,18
https://www.siegemedia.com/strategy/best-seo-services,best search engine optimization agency,350,7,63
https://www.siegemedia.com/seo/b2b-seo-agencies,b2b seo consultants,60,1,11
https://www.siegemedia.com/contrast-ratio,color calculator,2700,14,57
https://www.siegemedia.com/strategy/seo-strategy,todd malicoat best practice word count per page,90,1,2
https://www.siegemedia.com/strategy/best-b2b-marketing-agencies,b2b advertising agency,450,8,45
https://www.siegemedia.com/marketing/what-is-digital-pr,what is digital pr,200,4,17
https://www.siegemedia.com/,seige media,70,1,14
https://www.siegemedia.com/strategy/best-b2b-marketing-agencies,top b2b marketing agencies,150,2,12
https://www.siegemedia.com/seo/pricing,seo marketing cost,350,6,56
https://www.siegemedia.com/marketing/link-building-strategies,link building strategy,500,8,84
https://www.siegemedia.com/strategy/evergreen-content,examples of evergreen content,60,1,31
https://www.siegemedia.com/strategy/best-link-building-services,linkbuilding services,200,4,60
https://www.siegemedia.com/strategy/best-seo-services,seo agency services,900,11,79
https://www.siegemedia.com/strategy/business-blog-examples,blogs examples,400,6,26
https://www.siegemedia.com/,seo content agencies,50,1,43
https://www.siegemedia.com/strategy/content-marketing-statistics,marketing stats,100,2,80
https://www.siegemedia.com/seo/link-building-cost,link building pricing,150,3,8
https://www.siegemedia.com/strategy/best-content-creation-services,content creation marketing agency,250,5,4
https://www.siegemedia.com/creation/data-sources,free data,1500,10,82
https://www.siegemedia.com/creation/content-marketing-cost,how much does content marketing cost,60,1,11
https://www.siegemedia.com/seo/b2b-seo-agencies,top b2b seo,60,1,5
https://www.siegemedia.com/strategy/best-content-marketing-agencies,digital marketing agency content,60,1,54
https://www.siegemedia.com/marketing/creative-content,creative content ideas,150,3,60
https://www.siegemedia.com/strategy/best-seo-services,top seo service,350,6,57
https://www.siegemedia.com/seo/most-popular-keywords,top seo keywords,150,3,60
https://www.siegemedia.com/strategy/best-link-building-services,seo backlink service,1600,13,61
https://www.siegemedia.com/strategy/best-content-creation-services,content creation firm,150,3,5
https://www.siegemedia.com/creation/hyphen-guide,when do you use a hyphen,600,7,18
https://www.siegemedia.com/strategy/best-fintech-marketing-agencies,fintech content agency,50,1,14
https://www.siegemedia.com/creation/best-infographics,best infographic design,50,1,58
https://www.siegemedia.com/creation/hyphen-guide,one stop shop hyphen,50,1,4
https://www.siegemedia.com/team/kayla-colbert,kayla colbert,350,5,0
https://www.siegemedia.com/strategy/best-seo-services,seo marketing agencies,600,10,72
https://www.siegemedia.com/strategy/best-link-building-services,link building seo services,150,4,59
https://www.siegemedia.com/creation/aida-model,aida copywriting,200,3,15
https://www.siegemedia.com/strategy/evergreen-content,evergreen content meaning,250,5,63
https://www.siegemedia.com/strategy/best-seo-services,seo service company,1200,12,82
https://www.siegemedia.com/seo/most-popular-keywords,top 100 keywords,150,3,48
https://www.siegemedia.com/strategy/wordpress-seo-agency,wordpress agentur seo,50,1,10
https://www.siegemedia.com/creation/aida-model,aida marketing,900,8,57
https://www.siegemedia.com/seo/most-popular-keywords,keywords list,300,6,83
https://www.siegemedia.com/strategy/best-content-marketing-agencies,content advertising agency,150,3,28
https://www.siegemedia.com/creation/best-content-management-systems,content management platforms,200,3,61
https://www.siegemedia.com/strategy/best-seo-services,seo agents,600,9,73
https://www.siegemedia.com/creation/animated-infographics,animated infographic,200,4,20
https://www.siegemedia.com/seo/title-tags,title tags,1400,10,75
https://www.siegemedia.com/creation/best-content-management-systems,content management platform,300,6,56
https://www.siegemedia.com/creation/content-creator,freelance content creator,600,9,12
https://www.siegemedia.com/strategy/best-b2b-marketing-agencies,b2b tech marketing agency,150,3,39
https://www.siegemedia.com/strategy/best-seo-services,best seo provider,300,6,57
https://www.siegemedia.com/strategy/best-seo-services,seo web marketing company,600,10,78
https://www.siegemedia.com/seo/b2b-seo-agencies,b2b seo agencies,150,3,5
https://www.siegemedia.com/strategy/best-fintech-marketing-agencies,fintech marketing agencies,50,1,12
https://www.siegemedia.com/strategy/best-b2b-marketing-agencies,top b2b agencies,50,1,7
https://www.siegemedia.com/strategy/best-content-marketing-agencies,marketing services agencies,250,5,57
https://www.siegemedia.com/seo/best-enterprise-seo-agencies,agency seo,800,10,72
https://www.siegemedia.com/seo/most-popular-keywords,popular keywords,350,7,79
https://www.siegemedia.com/strategy/best-seo-services,seo service,4900,17,70
https://www.siegemedia.com/seo/what-is-link-building,link seo,400,7,91
https://www.siegemedia.com/strategy/best-content-creation-services,website content creation services,200,4,6
https://www.siegemedia.com/strategy/best-content-creation-services,content development agency,150,4,7
https://www.siegemedia.com/strategy/best-seo-services,professional seo companies,250,5,64
https://www.siegemedia.com/strategy/best-seo-services,recommended seo companies,250,5,55
https://www.siegemedia.com/,content marketing seo services,600,9,14
https://www.siegemedia.com/strategy/business-blog-examples,company blogs,90,2,10
https://www.siegemedia.com/seo/most-popular-keywords,100 keyword,100,2,55
https://www.siegemedia.com/creation/interactive-content,interactive content marketing,250,5,12
https://www.siegemedia.com/strategy/best-fintech-marketing-agencies,fintech marketing services,50,1,0
https://www.siegemedia.com/strategy/best-b2b-marketing-agencies,b2b marketing firm,300,6,25
https://www.siegemedia.com/marketing/creative-content,creative content strategy,150,4,25
https://www.siegemedia.com/strategy/best-seo-services,seo service agency,300,7,73
https://www.siegemedia.com/strategy/best-content-marketing-agencies,top content marketing companies,150,3,18
https://www.siegemedia.com/strategy/content-marketing-for-startups,content marketing for startups,250,5,8
https://www.siegemedia.com/strategy/best-seo-services,effective seo services,150,4,46
https://www.siegemedia.com/,siegemedia,50,1,23
https://www.siegemedia.com/marketing/creative-content,creative content,500,4,11
https://www.siegemedia.com/strategy/best-content-creation-services,content creator services,50,1,8
https://www.siegemedia.com/seo/pricing,seo marketing prices,50,1,42
https://www.siegemedia.com/creation/hyphen-guide,is out of the box hyphenated,50,1,4
https://www.siegemedia.com/seo/most-popular-keywords,top suchbegriffe,50,1,57
https://www.siegemedia.com/seo/most-popular-keywords,keywords searched,450,8,92
https://www.siegemedia.com/strategy/content-marketing-trends,content marketing trends,500,10,48
https://www.siegemedia.com/strategy/bounce-rate,ideal bounce rate,300,6,62
https://www.siegemedia.com/creation/blog-post-outline,blog outline,300,6,16
https://www.siegemedia.com/strategy/wordpress-seo-agency,wordpress seo company,350,7,5
https://www.siegemedia.com/creation/seo-friendly-content,seo friendly,800,8,51
https://www.siegemedia.com/creation/hyphen-guide,step by step hyphen,60,1,0
https://www.siegemedia.com/seo/best-enterprise-seo-agencies,seo enterprise,700,11,22
https://www.siegemedia.com/strategy/best-seo-services,top seo services,900,11,65
https://www.siegemedia.com/strategy/best-b2b-marketing-agencies,best b2b digital marketing agencies,50,1,23
https://www.siegemedia.com/seo/best-enterprise-seo-agencies,enterprise seo,1400,13,31
https://www.siegemedia.com/seo/b2b-seo-agencies,b2b seo companies,150,3,5
https://www.siegemedia.com/strategy/best-seo-services,quality seo services,450,8,72
https://www.siegemedia.com/creation/content-strategy-examples,digital content strategy,600,9,13
https://www.siegemedia.com/strategy/content-marketing-examples,examples of marketing,1000,11,22
https://www.siegemedia.com/seo/common-seo-mistakes,seo mistakes to avoid,250,5,6
https://www.siegemedia.com/creation/best-content-writing-services,website content writing services,350,6,47
https://www.siegemedia.com/creation/best-content-writing-services,best content writing service,50,1,12
https://www.siegemedia.com/marketing/cold-email-subject-lines,cold email subject lines,150,6,22
https://www.siegemedia.com/seo/b2b-seo-agencies,b2b seo consulting,100,3,7
https://www.siegemedia.com/contrast-ratio,color contrast ratio,200,4,74
https://www.siegemedia.com/strategy/best-content-creation-services,content creation firms,100,2,7
https://www.siegemedia.com/marketing/link-building-strategies,good link building tips,50,1,77
https://www.siegemedia.com/strategy/business-blog-examples,zakelijke blogs,50,1,19
https://www.siegemedia.com/strategy/best-b2b-marketing-agencies,b2b digital marketing services,450,8,24
https://www.siegemedia.com/strategy/ai-content-marketing,ai content marketing,350,7,14
https://www.siegemedia.com/seo/title-tags,what is a title tag,1200,10,67
https://www.siegemedia.com/strategy/best-b2b-marketing-agencies,b2b web marketing agency,150,4,26
https://www.siegemedia.com/strategy/best-seo-services,seo marketing firms,350,9,72
https://www.siegemedia.com/strategy/best-digital-pr-services,digital pr service,150,3,12
https://www.siegemedia.com/creation/hyphen-guide,little-to-no,150,2,0
https://www.siegemedia.com/strategy/best-seo-services,good seo companies,250,6,65
https://www.siegemedia.com/strategy/business-blog-examples,unternehmensblog,100,2,9
https://www.siegemedia.com/,san diego content marketing services,40,1,61
https://www.siegemedia.com/strategy/what-is-a-content-hub,content hub,1700,12,28
https://www.siegemedia.com/creation/best-infographics,interesting infographics,200,2,36
https://www.siegemedia.com/creation/interactive-content,interactive examples,150,4,26
https://www.siegemedia.com/seo/b2b-seo-agencies,b2b seo consultant,150,4,10
https://www.siegemedia.com/seo/best-enterprise-seo-agencies,enterprise seo firm,250,6,12
https://www.siegemedia.com/creation/what-makes-good-blog-post,what makes a good blog,100,3,22
https://www.siegemedia.com/strategy/best-content-marketing-agencies,market agencies,100,3,2
https://www.siegemedia.com/strategy/best-link-building-services,backlinking services,250,6,56
https://www.siegemedia.com/creation/hyphen-guide,does cutting edge have a hyphen,40,1,2
https://www.siegemedia.com/strategy/best-b2b-marketing-agencies,top b2b marketing companies,40,1,15
https://www.siegemedia.com/creation/content-creator,define content creation,40,1,59
https://www.siegemedia.com/strategy/best-content-marketing-agencies,agentur f√ºr content marketing,40,1,31
https://www.siegemedia.com/strategy/content-marketing-roi,content marketing roi calculator,40,1,12
https://www.siegemedia.com/strategy/what-is-a-content-hub,what are content hubs,40,1,12
https://www.siegemedia.com/seo/common-seo-mistakes,5 common seo mistake to avoid,40,1,12
https://www.siegemedia.com/strategy/best-link-building-services,link building management,200,5,61
https://www.siegemedia.com/contrast-ratio,contrast calculator,150,3,63
https://www.siegemedia.com/marketing/best-time-to-send-cold-email,best time to send cold emails,150,3,3
https://www.siegemedia.com/strategy/best-content-marketing-agencies,content marketing services agency,150,4,42
https://www.siegemedia.com/creation/best-content-writing-services,content writing services,1600,15,76
https://www.siegemedia.com/creation/best-content-management-systems,content management systems examples,200,4,45
https://www.siegemedia.com/strategy/best-seo-services,seo ranking service,350,7,62
https://www.siegemedia.com/seo/common-seo-mistakes,seo mistakes,350,7,22
https://www.siegemedia.com/creation/content-marketing-cost,marketing prices,150,3,22
https://www.siegemedia.com/embed-code-generator,video embed code generator,150,5,36
https://www.siegemedia.com/strategy/best-seo-services,great seo companies,350,9,64
https://www.siegemedia.com/strategy/best-seo-services,seo company service,350,8,81
https://www.siegemedia.com/strategy/best-b2b-marketing-agencies,b2b ad agencies,150,3,24
https://www.siegemedia.com/,seo media,150,4,76
https://www.siegemedia.com/strategy/best-seo-services,quality seo service,150,4,71
https://www.siegemedia.com/strategy/best-b2b-content-marketing-agencies,best b2b content marketing agency,40,1,7
https://www.siegemedia.com/strategy/business-blog-examples,blogs for businesses,40,1,17
https://www.siegemedia.com/creation/hyphen-guide,is easy to use hyphenated,40,1,1
https://www.siegemedia.com/creation/hyphen-guide,is one stop shop hyphenated,40,1,0
https://www.siegemedia.com/seo/financial-services,seo financial services,150,3,3
https://www.siegemedia.com/strategy/best-seo-services,service seo companies,150,3,67
https://www.siegemedia.com/creation/content-creator,what do content creators do,150,3,49
https://www.siegemedia.com/seo/most-popular-keywords,popular keywords for seo,150,3,57
https://www.siegemedia.com/seo/most-popular-keywords,top keyword searches,150,4,57
https://www.siegemedia.com/seo/pricing,seo service prices,150,4,54
https://www.siegemedia.com/strategy/content-marketing-examples,examples of content marketing,350,8,46
https://www.siegemedia.com/strategy/best-content-marketing-agencies,content marketing strategy services,150,4,11
https://www.siegemedia.com/seo/financial-services,finance seo,150,5,3
https://www.siegemedia.com/seo/b2b-seo-agencies,b2b seo firm,150,3,9
https://www.siegemedia.com/strategy/best-b2b-marketing-agencies,b2b media agency,90,2,38
https://www.siegemedia.com/creation/content-marketing-best-practices,content strategy best practices,150,4,69
https://www.siegemedia.com/services/seo,seo consultant services,800,11,38
https://www.siegemedia.com/seo/pricing,seo package price,250,6,50
https://www.siegemedia.com/seo/best-enterprise-seo-agencies,enterprise seo service,300,7,17
https://www.siegemedia.com/strategy/best-seo-services,best search engine optimization services,250,7,72
https://www.siegemedia.com/strategy/best-b2b-marketing-agencies,b2b agentur,150,4,65
https://www.siegemedia.com/seo/best-enterprise-seo-agencies,enterprise seo agencies,250,6,10
https://www.siegemedia.com/creation/best-content-writing-services,best website content writing services,40,1,11
https://www.siegemedia.com/creation/best-infographics,award winning infographics,40,1,17
https://www.siegemedia.com/strategy/best-content-creation-services,content production services,100,3,3
https://www.siegemedia.com/strategy/keyword-research,keyword research guide,800,11,88
https://www.siegemedia.com/seo/best-seo-podcasts,seo podcasts,250,6,25
https://www.siegemedia.com/creation/seo-content-writing-services,seo content writing agency,250,6,8
https://www.siegemedia.com/strategy/best-content-marketing-agencies,content marketing bureaus,150,3,24
https://www.siegemedia.com/creation/content-strategy-examples,content strategy examples,200,5,64
https://www.siegemedia.com/creation/content-creator,how to become a content creator,3900,18,11
https://www.siegemedia.com/strategy/best-seo-services,seo optimization companies,1200,14,76
https://www.siegemedia.com/seo/most-popular-keywords,seo keywords list,300,7,72
https://www.siegemedia.com/strategy/best-seo-services,seo services firms,100,4,72
https://www.siegemedia.com/creation/seo-content-writing-services,seo content development services,40,1,3
https://www.siegemedia.com/seo/pricing,search engine optimization pricing,700,12,48
https://www.siegemedia.com/strategy/best-content-creation-services,content generation services,40,1,5
https://www.siegemedia.com/seo/link-building-cost,linkbuilding kosten,40,1,12
https://www.siegemedia.com/creation/blog-post-templates,blog article template,100,3,39
https://www.siegemedia.com/strategy/best-link-building-services,professional link building,200,5,40
https://www.siegemedia.com/creation/aida-model,aida format,200,2,57
https://www.siegemedia.com/strategy/best-content-marketing-agencies,top content marketing agency,150,4,22
https://www.siegemedia.com/creation/blog-post-templates,blog post template word,100,3,28
https://www.siegemedia.com/seo/financial-services,seo for finance,200,5,4
https://www.siegemedia.com/services/seo,seo solutions,1100,13,87
https://www.siegemedia.com/creation/content-creator,define content creator,150,4,62
https://www.siegemedia.com/strategy/best-digital-pr-services,pr services,300,6,41
https://www.siegemedia.com/marketing/digital-pr-examples,best digital pr campaigns,40,1,4
https://www.siegemedia.com/creation/hyphen-guide,is agreed upon hyphenated,40,1,0
https://www.siegemedia.com/seo/best-enterprise-seo-agencies,best enterprise seo agencies,40,1,4
https://www.siegemedia.com/strategy/best-link-building-services,top 10 link building services,40,1,22
https://www.siegemedia.com/creation/best-content-writing-services,servicii content writing,40,1,1
https://www.siegemedia.com/creation/aida-model,aida formula,200,3,57
https://www.siegemedia.com/strategy/content-strategy-template,content strategy document,150,4,25
https://www.siegemedia.com/seo/pricing,pricing seo services,100,3,55
https://www.siegemedia.com/strategy/best-seo-services,seo top companies,250,7,58
https://www.siegemedia.com/strategy/best-content-marketing-agencies,contentmarketingbureau,100,2,12
https://www.siegemedia.com/seo/best-enterprise-seo-agencies,enterprise seo management,200,5,14
https://www.siegemedia.com/contrast-ratio,seige color,150,4,0
https://www.siegemedia.com/strategy/best-seo-services,best seo optimization companies,350,8,57
https://www.siegemedia.com/strategy/best-seo-services,top seo services company,100,3,64
https://www.siegemedia.com/services/seo,seo consulting company,900,12,28
https://www.siegemedia.com/marketing/link-building-strategies,linkbuilding tip,40,1,37
https://www.siegemedia.com/strategy/best-fintech-marketing-agencies,fintech marketing company,40,1,0
https://www.siegemedia.com/strategy/best-content-marketing-agencies,online content agency,100,2,59
https://www.siegemedia.com/seo/best-seo-podcasts,best seo podcasts,300,7,17
https://www.siegemedia.com/strategy/content-marketing-examples,successful content marketing examples,150,4,46
https://www.siegemedia.com/seo/most-popular-keywords,top google keywords,150,4,64
https://www.siegemedia.com/seo/most-popular-keywords,top keyword,200,5,72
https://www.siegemedia.com/strategy/best-seo-services,good seo company,450,9,71
https://www.siegemedia.com/services/seo,technical seo agency,2200,16,8
https://www.siegemedia.com/seo/most-popular-keywords,common keywords,100,3,55
https://www.siegemedia.com/strategy/best-b2b-marketing-agencies,b2b internet marketing agency,400,9,24
https://www.siegemedia.com/creation/content-strategy-examples,what is content strategy,900,11,58
https://www.siegemedia.com/creation/seo-content-writing-services,seo content service,150,4,7
https://www.siegemedia.com/creation/best-infographics,interesting infographic,40,1,55
https://www.siegemedia.com/strategy/saas-marketing-agency,saas marketing agency,900,12,33
https://www.siegemedia.com/creation/content-editing,content editing,300,5,9
https://www.siegemedia.com/seo/best-enterprise-seo-agencies,enterprise seo consulting,90,2,5
https://www.siegemedia.com/seo/most-popular-keywords,the most searched word on google,250,6,50
https://www.siegemedia.com/seo/what-is-link-building,link building in seo,450,9,85
https://www.siegemedia.com/strategy/evergreen-content,evergreen topics,100,3,32
https://www.siegemedia.com/strategy/best-content-marketing-agencies,agencies marketing,200,6,4
https://www.siegemedia.com/seo/best-enterprise-seo-agencies,top enterprise seo services,150,4,6
https://www.siegemedia.com/creation/best-content-management-systems,content management system software,400,7,54
https://www.siegemedia.com/strategy/best-content-marketing-agencies,media content company,60,1,78
https://www.siegemedia.com/marketing/link-building-strategies,advanced link building tips,40,1,39
https://www.siegemedia.com/creation/seo-content-writing-services,seo writing companies,150,4,6
https://www.siegemedia.com/strategy/enterprise-content-marketing-strategy,enterprise content strategy,100,3,2
https://www.siegemedia.com/strategy/best-seo-services,good seo services,200,5,55
https://www.siegemedia.com/marketing/link-building-strategies,linking strategy,200,5,70
https://www.siegemedia.com/,marketing agency seo,200,6,86
https://www.siegemedia.com/strategy/best-seo-services,seo best company,350,8,65
https://www.siegemedia.com/creation/seo-content-writing-services,seo content writing service,200,6,6
https://www.siegemedia.com/strategy/content-marketing-examples,successful content marketing,150,4,53
https://www.siegemedia.com/strategy/best-content-creation-services,social media content creation agency,300,7,8
https://www.siegemedia.com/strategy/best-content-marketing-agencies,content marketing agency for small business,100,3,22
https://www.siegemedia.com/seo/pricing,seo service pricing,100,3,55
https://www.siegemedia.com/creation/best-content-management-systems,top content management systems,150,3,26
https://www.siegemedia.com/creation/best-content-writing-services,creative content writing services,60,1,55
https://www.siegemedia.com/services/seo,marketing seo services,700,12,68
https://www.siegemedia.com/seo/pricing,seo services cost,200,6,61
https://www.siegemedia.com/strategy/business-blog-examples,business blogs examples,40,1,30
https://www.siegemedia.com/strategy/best-content-creation-services,social media content creation company,40,1,4
https://www.siegemedia.com/creation/content-marketing-cost,content marketing agency costs,40,1,7
https://www.siegemedia.com/strategy/business-blog-examples,company blog examples,40,1,13
https://www.siegemedia.com/seo/pricing,seo cost pricing,40,1,57
https://www.siegemedia.com/seo/what-is-link-building,seo linkbuilding,400,9,88
https://www.siegemedia.com/strategy/best-b2b-marketing-agencies,b2b ad agency,250,7,33
https://www.siegemedia.com/strategy/best-digital-pr-services,digital pr firm,100,3,34
https://www.siegemedia.com/strategy/best-b2b-marketing-agencies,digital marketing agency b2b,100,3,29
https://www.siegemedia.com/strategy/best-content-marketing-agencies,content creative agency,150,5,13
https://www.siegemedia.com/strategy/best-fintech-marketing-agencies,fintech seo agency,100,3,0
https://www.siegemedia.com/strategy/best-digital-pr-services,online pr service,70,2,9
https://www.siegemedia.com/seo/pricing,price seo,100,3,52
https://www.siegemedia.com/,seo site m√©dia,40,1,65
https://www.siegemedia.com/marketing/link-building-strategies,offsite link building,40,1,57
https://www.siegemedia.com/strategy/best-content-marketing-agencies,agence content marketing,40,1,12
https://www.siegemedia.com/creation/hyphen-guide,does one on one have hyphens,40,1,1
https://www.siegemedia.com/strategy/best-link-building-services,link building agencies,250,7,48
https://www.siegemedia.com/strategy/best-b2b-marketing-agencies,b2b advertising agencies,150,4,14
https://www.siegemedia.com/strategy/best-content-marketing-agencies,marketing agency content,100,3,31
https://www.siegemedia.com/seo/most-popular-keywords,most searched terms on google,400,6,63
https://www.siegemedia.com/strategy/ecommerce-marketing-agencies,ecommerce marketing services,1000,13,15
https://www.siegemedia.com/marketing/outreach-email-template,outreach letters,100,3,4
https://www.siegemedia.com/creation/content-marketing-cost,content marketing cost,30,1,12
https://www.siegemedia.com/strategy/best-b2b-content-marketing-agencies,b2b content services,30,1,11
https://www.siegemedia.com/creation/hyphen-guide,cutting edge hyphen or not,30,1,2
https://www.siegemedia.com/seo/b2b-seo-agencies,b2b tech seo agency,30,1,9
https://www.siegemedia.com/creation/seo-content-writing-services,best seo content writers,30,1,5
https://www.siegemedia.com/strategy/best-content-creation-services,social media content creation service,30,1,3
https://www.siegemedia.com/creation/content-creator,creator content,150,5,52
https://www.siegemedia.com/strategy/best-content-marketing-agencies,marketing bureaus,150,5,89
https://www.siegemedia.com/strategy/best-b2b-marketing-agencies,b2b marketing firms,250,7,23
https://www.siegemedia.com/strategy/best-seo-services,good seo service,150,4,64
https://www.siegemedia.com/creation/blog-post-templates,blog posts templates,150,4,42
https://www.siegemedia.com/seo/what-is-link-building,link building campaign,450,10,25
https://www.siegemedia.com/strategy/best-b2b-marketing-agencies,b2b brand marketing agency,80,2,19
https://www.siegemedia.com/seo/most-popular-keywords,popular keyword,150,4,56
https://www.siegemedia.com/strategy/best-seo-services,professional seo service,500,11,63
https://www.siegemedia.com/strategy/best-content-marketing-agencies,website content agency,80,2,72
https://www.siegemedia.com/strategy/best-b2b-marketing-agencies,b2b marketing consultants,200,7,45
https://www.siegemedia.com/creation/hyphen-guide,little-to-no or little to no,30,1,0
https://www.siegemedia.com/strategy/best-content-marketing-agencies,best content marketing agencies in the world,30,1,33
https://www.siegemedia.com/creation/blog-post-templates,blog post template pdf,30,1,22
https://www.siegemedia.com/creation/hyphen-guide,out of the box hyphen,30,1,8
https://www.siegemedia.com/strategy/content-marketing-statistics,content marketing success,100,3,83
https://www.siegemedia.com/creation/blog-post-templates,blog post format template,100,3,30
https://www.siegemedia.com/marketing/diversity-equity-inclusion,dei content,100,3,1
https://www.siegemedia.com/team/stacy-walden,stacy walden,150,4,0
https://www.siegemedia.com/strategy/best-seo-services,seo businesses,250,7,72
https://www.siegemedia.com/strategy/best-seo-services,seo and marketing services,200,7,77
https://www.siegemedia.com/strategy/best-link-building-services,high quality backlinks service,500,10,60
https://www.siegemedia.com/strategy/best-link-building-services,backlinking service,200,6,59
https://www.siegemedia.com/creation/content-creator,media content creator,150,4,19
https://www.siegemedia.com/seo/pricing,how much is seo,250,7,57
https://www.siegemedia.com/strategy/best-seo-services,best seo consultants,150,5,28
https://www.siegemedia.com/seo/e-commerce,ecommerce seo tips,400,9,69
https://www.siegemedia.com/strategy/best-content-marketing-agencies,content strategy companies,80,2,9
https://www.siegemedia.com/strategy/best-content-marketing-agencies,content marketing agentur,200,7,22
https://www.siegemedia.com/creation/best-infographics,fun infographic,50,1,17
https://www.siegemedia.com/seo/most-popular-keywords,most searched topics on google,200,6,50
https://www.siegemedia.com/creation/seo-content-writing-services,website seo content services,250,7,6
https://www.siegemedia.com/marketing/link-building-strategies,link building techniques,200,5,72
https://www.siegemedia.com/creation/content-creator,online content creator,150,5,45
https://www.siegemedia.com/seo/what-is-eat,eeat,2600,14,81
https://www.siegemedia.com/contrast-ratio,color contrast calculator,100,3,66
https://www.siegemedia.com/strategy/best-b2b-marketing-agencies,business to business marketing companies,80,2,13
https://www.siegemedia.com/seo/most-popular-keywords,most search word on google,200,6,63
https://www.siegemedia.com/strategy/best-content-marketing-agencies,best marketing agency,700,12,28
https://www.siegemedia.com/team/ashley-carlisle,ashley carlisle,100,3,0
https://www.siegemedia.com/strategy/ecommerce-content-marketing,content marketing for ecommerce,250,7,16
https://www.siegemedia.com/strategy/best-fintech-marketing-agencies,fintech marketing,300,8,3
https://www.siegemedia.com/marketing/link-building-strategies,best seo link building strategy,150,5,77
https://www.siegemedia.com/strategy/best-content-marketing-agencies,content marketing services usa,100,3,22
https://www.siegemedia.com/seo/most-popular-keywords,some keywords,100,4,57
https://www.siegemedia.com/strategy/best-content-marketing-agencies,agentur content,30,1,28
https://www.siegemedia.com/creation/hyphen-guide,step by step hyphenated,30,1,0
https://www.siegemedia.com/strategy/best-content-creation-services,content creation services list,30,1,5
https://www.siegemedia.com/creation/content-strategy-examples,digital content strategy example,30,1,19
https://www.siegemedia.com/creation/hyphen-guide,is forward thinking hyphenated,30,1,0
https://www.siegemedia.com/strategy/best-content-marketing-agencies,top 10 content marketing agencies,30,1,6
https://www.siegemedia.com/strategy/best-content-marketing-agencies,marketing content agency,100,4,28
https://www.siegemedia.com/creation/content-marketing-cost,how much does marketing cost,200,6,52
https://www.siegemedia.com/creation/business-blog-ideas,business blog ideas,50,2,28
https://www.siegemedia.com/seo/best-enterprise-seo-agencies,seo enterprise agency,100,4,10
https://www.siegemedia.com/seo/financial-services,seo company for financial companies,100,4,2
https://www.siegemedia.com/strategy/best-content-marketing-agencies,agency content marketing,90,3,32
https://www.siegemedia.com/strategy/best-b2b-marketing-agencies,full service b2b marketing agency,80,2,43
https://www.siegemedia.com/creation/content-creator,what's a content creator,100,5,48
https://www.siegemedia.com/strategy/best-link-building-services,seo backlinks service,700,12,60
https://www.siegemedia.com/strategy/content-marketing-examples,example of content marketing,200,6,46
https://www.siegemedia.com/strategy/best-b2b-marketing-agencies,marketing agency b2b,150,5,45
https://www.siegemedia.com/seo/pricing,seo pricelist,100,4,50
https://www.siegemedia.com/seo/most-popular-keywords,most searched word,150,4,57
https://www.siegemedia.com/seo/b2b-seo-agencies,b2b seo service,90,3,10
https://www.siegemedia.com/strategy/best-link-building-services,link building outreach agency,90,3,53
https://www.siegemedia.com/creation/content-creator,content creator definition,450,6,55
https://www.siegemedia.com/strategy/best-content-creation-services,best content creation companies,80,3,3
https://www.siegemedia.com/seo/most-popular-keywords,keyword 20,100,4,36
https://www.siegemedia.com/seo/most-popular-keywords,top google searches 2023,600,11,43
https://www.siegemedia.com/creation/content-creator,web content creator,90,3,39
https://www.siegemedia.com/strategy/business-blog-examples,best corporate blogs,30,1,10
https://www.siegemedia.com/creation/hyphen-guide,does step by step need hyphens,30,1,0
https://www.siegemedia.com/strategy/best-fintech-marketing-agencies,fintech marketing firm,30,1,0
https://www.siegemedia.com/strategy/best-content-marketing-agencies,top content marketing firms,30,1,23
https://www.siegemedia.com/strategy/evergreen-content,evergreen content vs,30,1,3
https://www.siegemedia.com/strategy/content-marketing-statistics,content marketing facts,30,1,81
https://www.siegemedia.com/strategy/business-blog-examples,blog examples for business,30,1,31
https://www.siegemedia.com/embed-code-generator,link embedder,90,3,16
https://www.siegemedia.com/seo/b2b-seo-agencies,b2b seo specialist,90,3,4
https://www.siegemedia.com/marketing/link-building-strategies,best link building strategies,150,5,65
https://www.siegemedia.com/strategy/best-content-creation-services,content creation agentur,100,4,2
https://www.siegemedia.com/strategy/best-seo-services,seo optimization agency,500,11,77
https://www.siegemedia.com/creation/seo-content-writing-services,seo content writing company,200,7,7
https://www.siegemedia.com/strategy/best-seo-services,agency for seo,200,6,65
https://www.siegemedia.com/seo/link-building-cost,link building packages prices,100,4,24
https://www.siegemedia.com/seo/financial-services,seo agency for financial services,90,3,1
https://www.siegemedia.com/seo/what-is-link-building,linkbuilding seo,450,11,87
https://www.siegemedia.com/marketing/what-is-digital-pr,pr digital marketing,80,3,16
https://www.siegemedia.com/creation/best-content-writing-services,marketing writing services,50,1,58
https://www.siegemedia.com/strategy/best-seo-services,premium seo services,80,3,50
https://www.siegemedia.com/creation/best-content-writing-services,best article writing services,70,2,11
https://www.siegemedia.com/strategy/best-link-building-services,website link building services,100,5,48
https://www.siegemedia.com/seo/content-strategy,content strategy seo,250,8,39
https://www.siegemedia.com/creation/content-marketing-cost,how much is a marketing campaign,30,1,21
https://www.siegemedia.com/strategy/business-blog-examples,business blog post,30,1,36
https://www.siegemedia.com/seo/best-enterprise-seo-agencies,best national seo,30,1,10
https://www.siegemedia.com/creation/seo-content-writing-services,seo writing service,150,5,7
https://www.siegemedia.com/seo/best-enterprise-seo-agencies,seo consulting for enterprise companies,100,4,10
https://www.siegemedia.com/strategy/best-b2b-marketing-agencies,b2b marketing strategy agency,100,4,24
https://www.siegemedia.com/seo/fintech,fintech seo,200,6,0
https://www.siegemedia.com/creation/aida-model,copy aida,90,3,5
https://www.siegemedia.com/marketing/link-building-strategies,linkbuilding strategie,250,8,84
https://www.siegemedia.com/strategy/best-seo-services,search optimization company,200,7,71
https://www.siegemedia.com/strategy/best-content-marketing-agencies,specialist content marketing agency,70,2,16
https://www.siegemedia.com/strategy/increase-website-traffic,website traffic,8800,24,60
https://www.siegemedia.com/strategy/best-seo-services,reputable seo companies,200,7,46
https://www.siegemedia.com/strategy/best-b2b-marketing-agencies,b2b marketing consultancy,100,4,61
https://www.siegemedia.com/,content seo agency,70,2,36
https://www.siegemedia.com/strategy/best-link-building-services,link building companies,350,9,45
https://www.siegemedia.com/marketing/link-building-strategies,link building tactics,150,5,72
https://www.siegemedia.com/seo/b2b-seo-agencies,top b2b seo company,70,2,3
https://www.siegemedia.com/creation/content-creator,what does content creator mean,90,4,56
https://www.siegemedia.com/creation/hyphen-guide,cutting edge hyphen,70,1,0
https://www.siegemedia.com/creation/content-creator,content creator business,30,1,25
https://www.siegemedia.com/creation/best-content-writing-services,content writing agencies,150,5,58
https://www.siegemedia.com/strategy/content-marketing-examples,content marketing examples 2022,90,3,39
https://www.siegemedia.com/strategy/content-marketing-examples,best content marketing campaigns,90,3,37
https://www.siegemedia.com/creation/best-content-management-systems,examples of content management systems,200,4,44
https://www.siegemedia.com/services/seo,seo consultation,800,13,34
https://www.siegemedia.com/,seo content marketing service,50,1,16
https://www.siegemedia.com/creation/hyphen-guide,end user hyphen,30,1,4
https://www.siegemedia.com/strategy/best-digital-pr-services,digital pr agentur,30,1,10
https://www.siegemedia.com/marketing/best-time-to-send-cold-email,best times to send cold emails,30,1,3
https://www.siegemedia.com/marketing/diversity-equity-inclusion,marketing dei contenuti,30,1,12
https://www.siegemedia.com/strategy/best-content-creation-services,content creation solutions,30,1,18
https://www.siegemedia.com/strategy/best-fintech-marketing-agencies,b2b marketing agency fintech,30,1,9
https://www.siegemedia.com/strategy/best-b2b-content-marketing-agencies,tech b2b content marketing agency,30,1,33
https://www.siegemedia.com/strategy/content-marketing-examples,content marketing example,150,6,45
https://www.siegemedia.com/strategy/best-link-building-services,backlink companies,200,7,37
https://www.siegemedia.com/strategy/best-link-building-services,organic link building service,100,4,26
https://www.siegemedia.com/seo/most-popular-keywords,highest searched keywords,150,5,57
https://www.siegemedia.com/strategy/best-content-marketing-agencies,content management agency,90,4,2
https://www.siegemedia.com/strategy/best-link-building-services,quality link building services,150,7,59
https://www.siegemedia.com/creation/best-content-writing-services,quality content writing services,90,4,52
https://www.siegemedia.com/marketing/link-building-strategies,link strategies,200,7,45
https://www.siegemedia.com/seo/best-enterprise-seo-agencies,enterprise search engine optimization agency,90,3,7
https://www.siegemedia.com/seo/most-popular-keywords,google top 100,100,4,69
https://www.siegemedia.com/strategy/best-link-building-services,best backlinks agency,200,7,28
https://www.siegemedia.com/seo/how-to-create-the-best-url-structures,url structure,1200,14,78
https://www.siegemedia.com/marketing/link-building-strategies,link building ideas,80,3,67
https://www.siegemedia.com/strategy/best-content-marketing-agencies,creative content marketing agency,80,3,64
https://www.siegemedia.com/strategy/best-content-marketing-agencies,content marketing strategy agency,100,4,34
https://www.siegemedia.com/embed-code-generator,embedded code generator,100,4,63
https://www.siegemedia.com/seo/most-popular-keywords,top searched keywords,150,5,57
https://www.siegemedia.com/strategy/business-blog-examples,blog post examples for business,30,1,21
https://www.siegemedia.com/strategy/best-b2b-content-marketing-agencies,b2b content marketing company,30,1,34
https://www.siegemedia.com/strategy/best-content-marketing-agencies,agentie content marketing,30,1,7
https://www.siegemedia.com/strategy/evergreen-content,example of evergreen content,30,1,44
https://www.siegemedia.com/creation/blog-post-templates,blog format template,200,6,38
https://www.siegemedia.com/seo/most-popular-keywords,top 10 google searches,700,9,52
https://www.siegemedia.com/strategy/best-digital-pr-services,pr seo services,80,3,4
https://www.siegemedia.com/strategy/best-link-building-services,top link building services,80,3,24
https://www.siegemedia.com/strategy/best-seo-services,top seo firms,400,10,47
https://www.siegemedia.com/strategy/keyword-research,keyword research strategy,250,9,86
https://www.siegemedia.com/embed-code-generator,url to embed code,80,3,40
https://www.siegemedia.com/seo/most-popular-keywords,most googled word,200,6,50
https://www.siegemedia.com/creation/what-makes-good-blog-post,what makes a good blog post,60,3,24
https://www.siegemedia.com/seo/financial-services,financial seo,90,4,4
https://www.siegemedia.com/strategy/best-content-marketing-agencies,media content agency,30,1,77
https://www.siegemedia.com/seo/pricing,seo pricing plans,200,7,39
https://www.siegemedia.com/seo/most-popular-keywords,top searched words,150,5,50
https://www.siegemedia.com/creation/content-creator,content creater,250,8,51
https://www.siegemedia.com/creation/best-content-writing-services,content writing service provider,70,2,72
https://www.siegemedia.com/seo/most-popular-keywords,most searched words in google,200,7,50
https://www.siegemedia.com/strategy/best-content-marketing-agencies,content marketing sites,250,8,26
https://www.siegemedia.com/creation/best-content-writing-services,content writing services company,150,5,59
https://www.siegemedia.com/seo/blog-design-best-practices,blog design best practices,30,1,20
https://www.siegemedia.com/strategy/best-content-marketing-agencies,content design agency,30,1,61
https://www.siegemedia.com/strategy/best-b2b-marketing-agencies,best b2b marketing agencies,70,3,11
https://www.siegemedia.com/seo/pricing,seo preis,150,6,43
https://www.siegemedia.com/embed-code-generator,link to embed code,80,3,24
https://www.siegemedia.com/strategy/best-digital-pr-services,pr digital agency,60,2,59
https://www.siegemedia.com/seo/what-is-link-building,what is link builder,100,5,85
https://www.siegemedia.com/seo/most-popular-keywords,most searched google words,150,6,50
https://www.siegemedia.com/seo/most-popular-keywords,top keywords on google,250,8,62
https://www.siegemedia.com/strategy/best-seo-services,online seo service,500,12,66
https://www.siegemedia.com/strategy/best-seo-services,leading seo company,300,10,60
https://www.siegemedia.com/strategy/best-link-building-services,high quality link building service,150,6,50
https://www.siegemedia.com/marketing/outreach-email-template,outreach email example,60,2,22
https://www.siegemedia.com/,seo text agentur,60,2,6
https://www.siegemedia.com/marketing/link-building-strategies,effective link building strategies,100,5,55
https://www.siegemedia.com/seo/most-popular-keywords,google top100,80,4,69
https://www.siegemedia.com/strategy/best-link-building-services,high quality link building,250,9,75
https://www.siegemedia.com/seo/most-popular-keywords,top search keywords,100,4,57
https://www.siegemedia.com/strategy/best-content-marketing-agencies,marketing company,6400,17,93
https://www.siegemedia.com/strategy/best-content-creation-services,digital content creation companies,80,3,4
https://www.siegemedia.com/strategy/bounce-rate,healthy bounce rate,150,6,71
https://www.siegemedia.com/strategy/best-content-creation-services,blog content creation services,60,2,8
https://www.siegemedia.com/strategy/best-seo-services,seo service providers,350,10,76
https://www.siegemedia.com/strategy/best-link-building-services,best seo link building services,500,12,64
https://www.siegemedia.com/strategy/best-fintech-marketing-agencies,fintech branding agency,60,2,0
https://www.siegemedia.com/strategy/best-b2b-content-marketing-agencies,content marketing agentur b2b,30,1,13
https://www.siegemedia.com/strategy/best-fintech-marketing-agencies,branding agency for fintech companies,30,1,0
https://www.siegemedia.com/creation/content-creator,content kreieren,30,1,67
https://www.siegemedia.com/strategy/best-content-marketing-agencies,best content agencies,30,1,19
https://www.siegemedia.com/creation/content-creator,how to be a content creator,1400,14,9
https://www.siegemedia.com/strategy/best-content-marketing-agencies,content marketing consulting,200,8,14
https://www.siegemedia.com/creation/hyphen-guide,best in class hyphenated,100,4,0
https://www.siegemedia.com/seo/most-popular-keywords,most search words,150,6,57
https://www.siegemedia.com/seo/what-is-link-building,seo and link building,200,7,89
https://www.siegemedia.com/services/seo,seo consulting agency,450,11,30
https://www.siegemedia.com/strategy/best-seo-services,seo vendors,200,7,69
https://www.siegemedia.com/strategy/best-link-building-services,link building contractors,100,5,29
https://www.siegemedia.com/marketing/what-is-digital-pr,digital pr seo,100,5,33
https://www.siegemedia.com/creation/best-content-writing-services,web content writing services,250,8,60
https://www.siegemedia.com/seo/most-popular-keywords,keyword name,80,3,23
https://www.siegemedia.com/strategy/best-digital-pr-services,digital public relations agency,80,3,61
https://www.siegemedia.com/creation/content-creator,what content,400,11,43
https://www.siegemedia.com/strategy/best-content-marketing-agencies,content management agentur,80,3,8
https://www.siegemedia.com/seo/pricing,price for seo,150,6,57
https://www.siegemedia.com/seo/financial-services,finance seo company,90,4,1
https://www.siegemedia.com/strategy/best-content-marketing-agencies,content companies,80,3,31
https://www.siegemedia.com/strategy/best-saas-content-marketing-agency,b2b saas content marketing agency,60,2,7
https://www.siegemedia.com/strategy/leveling-up-success-method,success model stands for,20,1,0
https://www.siegemedia.com/strategy/content-marketing-statistics,marketing facts,200,6,77
https://www.siegemedia.com/seo/content-strategy,seo content development,200,8,28
https://www.siegemedia.com/strategy/business-blog-examples,corporate blog examples,20,1,5
https://www.siegemedia.com/creation/data-sources,free public data sources,20,1,46
https://www.siegemedia.com/strategy/best-b2b-marketing-agencies,top b2b brand agencies,20,1,6
https://www.siegemedia.com/creation/content-marketing-cost,average cost of marketing campaign,20,1,43
https://www.siegemedia.com/seo/most-popular-keywords,100 keywords,20,1,67
https://www.siegemedia.com/strategy/best-seo-services,top seo marketing companies,200,7,49
https://www.siegemedia.com/seo/most-popular-keywords,fresh trending keywords,70,3,10
https://www.siegemedia.com/strategy/ecommerce-content-marketing,ecommerce content marketing,350,10,8
https://www.siegemedia.com/strategy/best-digital-pr-services,online pr company,70,3,15
https://www.siegemedia.com/strategy/best-b2b-marketing-agencies,best b2b marketing agency,70,3,22
https://www.siegemedia.com/seo/pricing,seo marketing price,80,4,43
https://www.siegemedia.com/marketing/link-building-strategies,top link building tactics,60,2,65
https://www.siegemedia.com/strategy/business-blog-examples,examples of business,150,6,44
https://www.siegemedia.com/seo/best-enterprise-seo-agencies,best enterprise seo services,150,6,11
https://www.siegemedia.com/embed-code-generator,generate embed code,60,3,62
https://www.siegemedia.com/strategy/best-link-building-services,cheap linkbuilding,90,4,1
https://www.siegemedia.com/seo/financial-services,financial seo services,90,4,2
https://www.siegemedia.com/marketing/content-marketing-tips,content marketing tips,700,14,65
https://www.siegemedia.com/seo/title-tags,seo title tag,500,12,66
https://www.siegemedia.com/strategy/best-content-creation-services,content production agency,150,6,7
https://www.siegemedia.com/strategy/best-content-creation-services,video content creation services,80,4,2
https://www.siegemedia.com/seo/most-popular-keywords,strong keywords,100,5,79
https://www.siegemedia.com/marketing/link-building-strategies,linking strategies,100,5,68
https://www.siegemedia.com/strategy/best-seo-services,reliable seo services,80,4,56
https://www.siegemedia.com/strategy/best-b2b-marketing-agencies,business to business marketing agencies,90,4,14
https://www.siegemedia.com/team/ross-hudgens,ross hudgens,50,2,5
https://www.siegemedia.com/creation/blog-post-outline,blog outline template,150,5,16
https://www.siegemedia.com/strategy/best-seo-services,seo services companies,200,8,72
https://www.siegemedia.com/seo/link-building-cost,link building cost,70,3,9
https://www.siegemedia.com/marketing/what-is-digital-pr,digitale pr,90,4,27
https://www.siegemedia.com/seo/post-structure-for-seo,post structure,90,5,19
https://www.siegemedia.com/strategy/best-b2b-marketing-agencies,b2b werbeagentur,150,6,48
https://www.siegemedia.com/embed-code-generator,embed link generator,70,3,59
https://www.siegemedia.com/strategy/best-link-building-services,best backlinking service,60,3,43
https://www.siegemedia.com/creation/content-creator,what is a content creator?,90,4,45
https://www.siegemedia.com/contrast-ratio,what is contrast ratio,200,4,17
https://www.siegemedia.com/strategy/best-link-building-services,effective link building service,100,6,54
https://www.siegemedia.com/strategy/wordpress-seo-agency,wordpress seo services,1300,16,3
https://www.siegemedia.com/strategy/content-marketing-examples,content marketing campaigns,200,7,45
https://www.siegemedia.com/strategy/best-link-building-services,seo and link building services,100,5,60
https://www.siegemedia.com/creation/content-creator,web content creation,200,7,47
https://www.siegemedia.com/creation/blog-title-examples,blog title ideas,100,6,42
https://www.siegemedia.com/creation/aida-model,aida framework,250,9,53
https://www.siegemedia.com/strategy/best-link-building-services,seo backlink building services,60,2,60
https://www.siegemedia.com/strategy/best-b2b-marketing-agencies,b2b digital agencies,60,2,14
https://www.siegemedia.com/creation/hyphen-guide,decision-making hyphen or not,20,1,0
https://www.siegemedia.com/seo/common-seo-mistakes,most common seo mistakes,20,1,23
https://www.siegemedia.com/creation/content-creator,conten creator,20,1,38
https://www.siegemedia.com/strategy/best-fintech-marketing-agencies,fintech brand agency,20,1,0
https://www.siegemedia.com/creation/content-marketing-cost,was kostet content marketing,20,1,3
https://www.siegemedia.com/creation/best-content-management-systems,top cms,250,9,52
https://www.siegemedia.com/strategy/content-marketing-trends,content trends,100,5,49
https://www.siegemedia.com/strategy/ecommerce-marketing-agencies,barrelny shopify plus development agency,3900,21,2
https://www.siegemedia.com/strategy/best-seo-services,seo service best,150,6,72
https://www.siegemedia.com/seo/content-audit,content seo audit,150,6,58
https://www.siegemedia.com/seo/content-strategy,seo content strategy template,150,6,37
https://www.siegemedia.com/strategy/best-content-creation-services,digital content creation service,70,3,5
https://www.siegemedia.com/strategy/best-digital-pr-services,pr companies,700,12,45
https://www.siegemedia.com/seo/most-popular-keywords,top keywords google,150,7,64
https://www.siegemedia.com/seo/most-popular-keywords,most google searched words,100,6,64
https://www.siegemedia.com/strategy/kob-analysis,kob analysis,20,1,0
https://www.siegemedia.com/strategy/content-marketing-statistics,b2b content marketing statistics,60,2,73
https://www.siegemedia.com/creation/hyphen-guide,is third party hyphenated,300,8,0
https://www.siegemedia.com/strategy/business-blog-examples,what is a blog example,150,7,36
https://www.siegemedia.com/seo/pricing,seo services prices,150,6,53
https://www.siegemedia.com/creation/content-editing,content editor,900,12,2
https://www.siegemedia.com/seo/best-enterprise-seo-agencies,seo agency,19000,29,81
https://www.siegemedia.com/strategy/best-seo-services,best seo company services,200,8,72
https://www.siegemedia.com/seo/pricing,seo consulting rates,90,4,49
https://www.siegemedia.com/strategy/best-b2b-marketing-agencies,agence b2b,90,4,22
https://www.siegemedia.com/strategy/content-marketing-examples,great content marketing examples,150,6,45
https://www.siegemedia.com/strategy/best-link-building-services,monthly link building service,150,7,12
https://www.siegemedia.com/seo/most-popular-keywords,searched keywords,500,12,89
https://www.siegemedia.com/creation/content-creator,corporate content creator,20,1,31
https://www.siegemedia.com/strategy/best-link-building-services,linkbuilding bedrijf,150,6,52
https://www.siegemedia.com/creation/content-strategy-examples,website content strategy example,20,1,24
https://www.siegemedia.com/strategy/best-b2b-content-marketing-agencies,b2b content agencies,20,1,24
https://www.siegemedia.com/creation/content-creator,comtent creator,20,1,51
https://www.siegemedia.com/strategy/best-content-marketing-agencies,content marketing dienstleister,20,1,6
https://www.siegemedia.com/seo/pricing,seo preise,20,1,31
https://www.siegemedia.com/seo/best-enterprise-seo-agencies,enterprise search engine optimization agencies,90,4,7
https://www.siegemedia.com/seo/what-is-eat,what is eeat,250,9,55
https://www.siegemedia.com/,san diego content marketing agency,50,2,67
https://www.siegemedia.com/seo/b2b-seo-agencies,seo agency b2b,50,2,11
https://www.siegemedia.com/seo/best-enterprise-seo-agencies,seo company rankings,400,11,55
https://www.siegemedia.com/creation/seo-friendly-content,seo friendly content,250,7,68
https://www.siegemedia.com/seo/best-enterprise-seo-agencies,enterprise seo expert,250,9,3
https://www.siegemedia.com/strategy/best-seo-services,search engine optimization providers,200,9,73
https://www.siegemedia.com/seo/best-enterprise-seo-agencies,best oao companies,80,4,22
https://www.siegemedia.com/strategy/best-content-marketing-agencies,online content marketing agency,80,4,34
https://www.siegemedia.com/creation/content-creator,what is a content creator job,70,3,26
https://www.siegemedia.com/services/web-design,website design services,4000,23,76
https://www.siegemedia.com/embed-code-generator,embed maker,100,5,55
https://www.siegemedia.com/creation/seo-content,content marketing seo,500,12,43
https://www.siegemedia.com/creation/content-creator,what is a contact creator,80,4,33
https://www.siegemedia.com/creation/blog-title-examples,blog title examples,70,3,38
https://www.siegemedia.com/creation/best-content-marketing-courses,content marketing workshop,150,7,17
https://www.siegemedia.com/seo/most-popular-keywords,100 seo,100,6,23
https://www.siegemedia.com/strategy/best-b2b-marketing-agencies,best b2b agencies,50,2,11
https://www.siegemedia.com/strategy/bounce-rate,what is a good bounce rate in google analytics,150,6,76
https://www.siegemedia.com/seo/financial-services,seo for finance companies,70,3,3
https://www.siegemedia.com/embed-code-generator,embedded link generator,80,4,42
https://www.siegemedia.com/strategy/best-digital-pr-services,pr service,200,8,65
https://www.siegemedia.com/strategy/best-link-building-services,link building services company,150,7,46
https://www.siegemedia.com/seo/most-popular-keywords,most searched terms google,200,8,57
https://www.siegemedia.com/creation/seo-content-writing-services,seo article writing services,100,5,6
https://www.siegemedia.com/seo/what-is-link-building,linkbuilding online marketing,50,2,62
https://www.siegemedia.com/creation/content-marketing-cost,how much does a marketing campaign cost,70,3,35
https://www.siegemedia.com/creation/content-creator,what do you need to be a content creator,20,1,30
https://www.siegemedia.com/creation/content-marketing-cost,average marketing campaign cost,20,1,41
https://www.siegemedia.com/marketing/outreach-email-template,client outreach email template,20,1,22
https://www.siegemedia.com/strategy/best-b2b-marketing-agencies,b to b marketing companies,20,1,13
https://www.siegemedia.com/creation/hyphen-guide,best-in-class or best in class,20,1,0
https://www.siegemedia.com/seo/pricing,seo monthly charges,20,1,54
https://www.siegemedia.com/seo/pricing,average cost of seo,200,8,42
https://www.siegemedia.com/creation/content-creator,what are content creators,80,4,56
https://www.siegemedia.com/seo/most-popular-keywords,most searched word on google 2022,80,4,30
https://www.siegemedia.com/creation/hyphen-guide,agreed upon hyphen,50,1,1
https://www.siegemedia.com/creation/aida-model,aida writing,50,1,29
https://www.siegemedia.com/strategy/best-link-building-services,best backlink building service,60,3,56
https://www.siegemedia.com/creation/aida-model,aida copywriting framework,60,3,15
https://www.siegemedia.com/strategy/best-seo-services,best rated seo services,100,5,57
https://www.siegemedia.com/marketing/cold-email-subject-lines,best subject line for cold emails,100,5,12
https://www.siegemedia.com/seo/financial-services,seo in finance,80,4,5
https://www.siegemedia.com/seo/pricing,cost for seo services,80,4,52
https://www.siegemedia.com/creation/data-sources,free data sources,80,4,40
https://www.siegemedia.com/strategy/best-seo-services,top search engine optimization companies,250,9,57
https://www.siegemedia.com/strategy/bounce-rate,good bounce rate,350,7,71
https://www.siegemedia.com/seo/pricing,seo charges,150,7,37
https://www.siegemedia.com/strategy/bounce-rate,what is a normal bounce rate,150,7,67
https://www.siegemedia.com/creation/about-us-page-examples,about us page examples small business,100,6,45
https://www.siegemedia.com/seo/ymyl,ymyl,900,13,39
https://www.siegemedia.com/strategy/what-is-a-content-hub,content hubs,150,7,31
https://www.siegemedia.com/creation/best-content-writing-services,best article writing service,60,3,10
https://www.siegemedia.com/strategy/best-seo-services,seo consulting companies,200,8,28
https://www.siegemedia.com/strategy/what-is-a-content-hub,content hub examples,100,5,14
https://www.siegemedia.com/creation/best-content-management-systems,top cms platforms,150,7,66
https://www.siegemedia.com/contrast-ratio,color contrast ratio calculator,50,2,57
https://www.siegemedia.com/strategy/best-content-creation-services,social media management and content creation services,80,4,2
https://www.siegemedia.com/strategy/best-content-creation-services,digital content creation agency,150,7,4
https://www.siegemedia.com/creation/hyphen-guide,is brand new hyphenated,150,5,0
https://www.siegemedia.com/creation/content-marketing-tools,content marketing tools,900,16,32
https://www.siegemedia.com/marketing/outreach-email-template,outreach template,60,3,22
https://www.siegemedia.com/marketing/outreach-email-template,outreach email examples,50,2,22
https://www.siegemedia.com/strategy/best-seo-services,top seo consultants,200,9,33
https://www.siegemedia.com/strategy/best-b2b-marketing-agencies,b2b agencies,100,6,13
https://www.siegemedia.com/strategy/wordpress-seo-agency,seo agentur wordpress,100,6,4
https://www.siegemedia.com/creation/about-us-page-examples,best about us lines,20,1,39
https://www.siegemedia.com/seo/most-popular-keywords,most popular search terms,100,6,57
https://www.siegemedia.com/marketing/outreach-email-template,best outreach email templates,20,1,22
https://www.siegemedia.com/creation/aida-model,aida framework copywriting,20,1,18
https://www.siegemedia.com/seo/pricing,costo seo,20,1,58
https://www.siegemedia.com/creation/best-content-writing-services,best website content writing service,20,1,11
https://www.siegemedia.com/seo/best-enterprise-seo-agencies,best enterprise seo company firm,20,1,4
https://www.siegemedia.com/creation/best-infographics,the best infographics,20,1,30
https://www.siegemedia.com/seo/b2b-seo-agencies,specialist b2b seo agency,20,1,11
https://www.siegemedia.com/creation/best-content-writing-services,high quality content writers,20,1,67
https://www.siegemedia.com/creation/interactive-content,examples of interactive content,20,1,47
https://www.siegemedia.com/creation/best-content-writing-services,best content writing agencies,20,1,26
https://www.siegemedia.com/strategy/best-b2b-content-marketing-agencies,b2b tech content agency,20,1,12
https://www.siegemedia.com/contrast-ratio,calculate contrast ratio,20,1,45
https://www.siegemedia.com/strategy/best-seo-services,top rated seo companies,150,7,59
https://www.siegemedia.com/creation/author-bio,about the author,1400,10,9
https://www.siegemedia.com/seo/most-popular-keywords,most searched for words on google,200,8,64
https://www.siegemedia.com/seo/pricing,cost of seo services,200,8,61
https://www.siegemedia.com/strategy/best-link-building-services,quality backlinks service,150,7,63
https://www.siegemedia.com/creation/best-infographics,great infographics,90,2,45
https://www.siegemedia.com/seo/how-to-create-the-best-url-structures,seo url,600,13,52
https://www.siegemedia.com/seo/what-is-link-building,what is seo link building,200,8,89
https://www.siegemedia.com/strategy/best-seo-services,seo management agency,100,6,68
https://www.siegemedia.com/seo/best-enterprise-seo-agencies,enterprise seo experts,100,6,5
https://www.siegemedia.com/strategy/best-seo-services,top seo firm,250,9,57
https://www.siegemedia.com/strategy/best-content-marketing-agencies,online content marketing services,100,5,12
https://www.siegemedia.com/seo/pricing,seo monthly pricing,80,4,51
https://www.siegemedia.com/seo/most-popular-keywords,most googled searches,150,7,59
https://www.siegemedia.com/strategy/bounce-rate,ideal bounce rate for website,100,7,71
https://www.siegemedia.com/seo/content-strategy,seo content strategies,250,9,28
https://www.siegemedia.com/marketing/digital-pr-examples,digital pr examples,60,3,4
